0,18 MAY 2020,週刊AWS – 2020/5/11週 | Amazon Web Services ブログ,みなさん、こんにちは。ソリューションアーキテクトの下佐粉です。 今週も週刊AWSをお届けします。 前々号で書いたように、最近オーディオインターフェースとダイナミックマイクを使ってみているのですが、実に奥が深いですね。オーディオインターフェースやその付属ソフトで設定可能な項目も多いですし、録音ファイルのノーマライズとかノイズ除去などでも、まだまだ知らない世界が広がっている感じです。色々試しているうちにコンデンサーマイクとの違いも試してみたいなとか思って、必要も無いのに安いのを１つ買ってしまいました。これが沼の入り口なのでしょうか… それでは、先週の主なアップデートについて振り返っていきましょう。  今月27日にBIサービスのAmazon QuiCkSightの基礎ハンズオンを実施予定なのですが、おかげさまですぐに定員が埋まってしまいました。そこで今後も定期的にQuickSightのハンズオンを実施していく予定にしています。 – 【オンラインセミナー】Amazon QuickSight ハンズオンセミナー ～セルフBIサービス・販売管理ダッシュボード編～ それでは、また来週！ ソリューションアーキテクト 下佐粉 昭 (twitter – @simosako)。
1,18 MAY 2020,NVIDIA DeepStream on JetsonモジュールをAWS IoT CoreとAWS IoT Greengrassと統合する方法 | Amazon Web Services ブログ,AWSはコンシューマ製品や製造設備などのエッジデバイスにAWSのサービスを拡張し、インテリジェントに行動できるようにするべく必要な技術をお客様に提供するために、エッジコンピューティングの提供を継続的に進化させています。これにより、お客様は不要なコストやレイテンシーを回避し、エッジデバイスを安全かつ効率的に管理できるようになります。 AWS IoT Greengrassを利用して、AWSクラウドテクノロジーをエッジデバイスに拡張することにより、生成されたデータに対しローカルでアクションを起こしつつ、クラウドでリアルタイムのデータ分析、データの保存と可視化、機械学習モデルの精度の高いトレーニングを行うことが出来ます。AWSはエッジからクラウドまでのテクノロジーソリューションを提供するだけでなく、世界中のさまざまなデバイスプロバイダーと連携し、お客様の特定のユースケースに合わせて適切なハードウェアを選択できるようにしています。 NVIDIA DeepStream SDKは、インテリジェントなビデオ分析アプリやサービスを構築することを促進ためのフレームワークです。NVIDIA Jetson製品を使用することで、お客様はエッジで動作するデバイスにサーバークラスの計算性能を拡張することができます。次の図は、この投稿でデモしたソリューションのアーキテクチャを示しています。以下の設定ファイルを利用することをおすすめします。AWS IoT GreengrassはDiscovery APIも提供しており、デバイスと同じGreengrassグループ内にあるAWS IoT Greengrassコアに接続するために必要な情報をデバイスから取得することができます。この仕組をどのように利用したか、ぜひお聞かせください。
2,18 MAY 2020,CDK for Kubernetes のご紹介 | Amazon Web Services ブログ,Kubernetes では、手作業による処理を置き換える自動ツールの構築、インフラストラクチャのあらゆる部分での運用パイプラインの実装、アプリケーションの実行方法をきめ細かく制御できるよう開発チームの支援が可能です。 従来であれば、Kubernetes アプリケーションは人間が読める静的 YAML データファイルで定義され、これを作成し管理するのは開発者の仕事でした。AWS CDK はコンポーザブルなため、設定やボイラープレートの詳細を簡単に抽象化できる点も好評です。これは、使い慣れたプログラミング言語で Kubernetes アプリケーションと再利用可能なコンポーネントを定義できる新しいオープンソースプロジェクトです。つまり、オンプレミスとクラウドの両方で実行している任意の Kubernetes クラスターのアプリケーションを定義できるのです。 オープンソース: cdk8s はオープンソースで、コミュニティからの協力を歓迎しています。私たちは AWS のお客様だけでなく、Kubernetes コミュニティ全体のために cdk8s を構築しました。これを合成すると、クラスターに適用できる使い慣れた YAML 出力が作成されます。 cdk8s は、Kubernetes コミュニティ全体のために構築されたオープンソースプロジェクトです。 AWS はこのプロジェクトにとても期待しています。
3,18 MAY 2020,Amazon EMR、AWS Glue、Amazon QuickSight を使用して自動データプロファイリングおよびレポートソリューションを構築する | Amazon Web Services ブログ,﻿ 典型的な分析パイプラインでは、データレイクにデータをインポートした後に通常実行する最初のタスクの 1 つは、データプロファイリングと高レベルのデータ品質分析です。これにより、データセットのコンテンツをチェックします。このようにして、テーブル名、列名とそのタイプなどの情報を含む基本的なメタデータを充実させることができます。 データプロファイリングの結果は、データセットに予期した情報が含まれているかどうか、およびそれらを分析パイプラインのダウンストリームでどのように使用するかを決定するのに役立ちます。さらに、これらの結果は、オプションのデータセマンティクス分析ステージへの入力情報の 1 つとして使用できます。 最新のデータレイクには膨大な量のさまざまなタイプのデータがあり、構造化されていない手動のデータプロファイリングとデータセマンティクスの分析は非現実的で時間がかかります。テーブルのメタデータには、テーブル名とその他の属性、列の名前とタイプ、データを含むファイルの物理的な場所などの情報が含まれています。 これで、データカタログにデータベースとテーブルのメタデータを作成する準備ができました。 最初のステップは、AWS Glue でデータベsースを作成することです。これには、Deequ ライブラリで計算されたテーブル内のレコード数が含まれています。
4,18 MAY 2020,AWS と Red Hat がコラボレーションを拡大: 新たに提供する AWS でのマネージド Red Hat OpenShift サービスを発表 | Amazon Web Services ブログ,﻿ AWS は、コンテナ化されたアプリケーションを実行するための最良の選択肢を提供しています。Amazon Elastic Container Service (ECS) のリリースにより、AWS と深く統合されたフルマネージドの Docker 体験で、コンテナを大規模にデプロイできるようになりました。また、マネージド Kubernetes を提供する Amazon Elastic Kubernetes Service (EKS)、AWS Fargate のリリースにより、インフラストラクチャを管理せずにコンテナの実行ができるようになりました。私たちはお客様のためにこれからも革新を続けていきます。 Red Hat OpenShift を使用して AWS でコンテナを実行するお客様も多く、OpenShift をデプロイするにあたり AWS マネージドサービスで得られるセキュリティ、スケーラビリティ、信頼性を利用したいという声が頻繁に寄せられています。2008 年以降、Red Hat と AWS のコラボレーションにより AWS で簡単に Red Hat Enterprise Linux を実行できるようになりました。私たちはさらにコラボレーションを拡大し、今年の後半には新たにマネージド Red Hat OpenShift サービスをリリースする予定です。 Red Hat とのコラボレーションにより、今年後半よりこのマネージド型 Red Hat OpenShift を提供できることを非常に嬉しく思います。また、こちらでサインアップすると、最新情報の通知を受け取れます。今年後半の一般提供に向けて、今後も詳細情報をお届けしていきます。
5,18 MAY 2020,変化する時代におけるスケーリングの冒険 | Amazon Web Services ブログ,﻿ 皆さんがどうだったのかは知る由もありませんが、私にとっての直近の 2 か月は、COVID-19 の蔓延によって、混乱状態にありました。 3 月上旬、デンマーク、フィンランド、スウェーデンに 1 週間の北欧旅行に出かけていた私のもとに、可能な場合には私と私の同僚が在宅勤務を行うようにとの連絡が Amazon からありました。私は旅行を終えてシアトルに戻り、この変化する時代に適応するために最善を尽くしました。 その後数週間で、予定されていた旅行のいくつかがキャンセルされたほか、同僚やお客様との対面の会議がすべて Amazon Chime ビデオ通話に置き換えられました。また、私たちは、AWS の最新情報をホームオフィスから記録することにしました。わずか 2 週間で、使用率は COVID-19 以前の平均よりも 300% 急上昇しました。2020 年 3 月のトラフィックの急増により、当社は、AWS を利用してスケールアップすることとしました。当社は、AWS とのパートナーシップに感謝しています。この要求を満たすために、当社のコントロールプレーンサービスを非常に迅速にスケーリングする必要がありました。 Pinterest – 何十億ものピン 視覚的な発見のためのエンジンである Pinterest は、増え続ける聴衆のニーズを満たすためにスケーリングされてきました。
6,18 MAY 2020,AWS が NVIDIA A100 Tensor コア GPU ベースの Amazon EC2 インスタンスの提供を開始 | Amazon Web Services ブログ,﻿ 数万人もにおよぶ AWS のお客様が、機械学習 (ML) アプリケーションの構築を AWS に依存しています。AWS を使用して、Airbnb や Pinterest などのお客様は検索の推奨事項を最適化しています。また、Lyft や Toyota Research Institute は自動運転車プログラムを開発し、Capital One や Intuit は AI を利用した顧客アシスタントを構築およびデプロイしています。 AWS は、新興企業だけでなく大企業にも、さらに、初心者から ML 専門開発者に至るまで、あらゆるタイプのお客様に適した ML サービスと AI サービスを幅広くかつ深いポートフォリオで提供しています。このポートフォリオの基本的なコンポーネントには AWS のコンピューティング、ネットワーキング、ストレージサービスが含まれており、これらを使って、あらゆる規模の ML アプリケーションに強力かつコスト効率の高いインフラストラクチャを提供しています。さらに、Amazon EC2 P3dn.24xlarge インスタンスを介して、業界最高のパフォーマンスモデルのトレーニング GPU プラットフォームもクラウドで提供しています。これらのインスタンスは、それぞれ 32 GB のメモリを備えた 8 個の NVIDIA V100 Tensor コア GPU、96 個のカスタム Intel® Xeon® Scalable (Skylake) vCPU、業界初のインスタンスあたり 100 Gbps のネットワーク帯域幅、Elastic Fabric Adapter (EFA) を介した高性能で低レイテンシーのネットワークファブリックを装備しています。 すべての ML モデルが同じであるとは限りません。モデルが異なると、ハードウェアアクセラレーションのレベルも異なります。 Geoff Murase は AWS EC2 加速化コンピューティングインスタンスのシニアプロダクトマーケティングマネージャーで、Graphics Processing Units (GPUs) や Field Programmable Gate Arrays (FPGAs) といったハードウェアベースのコンピューティングアクセラレーターへのアクセスを提供することで、お客様が自身のコンピューティングニーズに対応できるようにするお手伝いをしています。
7,15 MAY 2020,Amazon Personalize を使用してパーソナライズされたクーポンの推奨事項により、顧客エンゲージメントとロイヤルティを向上 | Amazon Web Services ブログ,このブログ記事は、ロッテマートのビッグデータアナリストを務める Sungoh Park によるゲストの記事です。彼の説明によれば、「ロッテ株式会社の一部門であるロッテマートは、さまざまな食料品、衣料品、玩具、電子機器、およびその他の商品を販売する韓国の大手小売業者です」 今日の消費者は、多くの選択肢から日用品を購入できます。ハイパーマーケット、e コマース、コンビニエンスストア、スーパーマーケットなどの複数のチャネルで買い物をすることができます。韓国のハイパーマーケットであるロッテマートは、Amazon Personalize を使用してエンゲージメントを高め、新製品の購入率を高め、最終的に顧客忠誠心をさらに築き上げるために、頻繁にパーソナライズされた推奨事項を顧客に提供します。ただし、最適な顧客体験を提供するために、ハイパーマーケットでは顧客にすべての新製品を薦めることはできません。 さらに、新しいオファーに統計的ターゲットマーケティングエンジンを構築して維持するには時間がかかります。そのため、ロッテマートは Amazon Personalize の探索を始めました。 製品メタデータの統合により、推奨事項が大幅に改善されました。このようにして、タスクに最適なレシピを見つけることができます。 次のスクリーンショットは、Amazon Personalize の M クーポンモバイルアプリと推奨事項クーポンを示しています。
8,15 MAY 2020,Amazon CloudWatch での Prometheus メトリクスの使用 | Amazon Web Services ブログ,Imaya Kumar Jagannathan、Justin Gu、Marc Chéné、および Michael Hausenblas 今週の初めに、AWS は CloudWatch Container Insights での Prometheus メトリクスモニタリングの公開ベータ版サポートを発表しました。この記事では、ユーザーがプロビジョニングする AWS クラスター上の Amazon Elastic Kubernetes Service (EKS) および Kubernetes で、コンテナ化されたワークロードに新しい Amazon CloudWatch 機能を使用する方法をご紹介します。 Prometheus は Cloud Native Compute Foundation (CNCF) の卒業プロジェクトで、アクティブで大きなプラクティショナーコミュニティを持つ人気のオープンソースモニタリングツールです。Amazon CloudWatch Container Insights は、コンテナ化されたアプリケーションからの Prometheus メトリクスの検出と収集を自動化します。これは、カスタム設定された CloudWatch Prometheus エージェントを使って実行します。YAML ファイルの cwagentconfig.json セクションにある以下の設定は、CloudWatch エージェントがアプリケーションからスクレイプするメトリクスを示しています。 すべてが設定されたところで、以下のコマンドを使ってサンプルアプリケーションと CloudWatch Prometheus エージェントを Kubernetes クラスターにデプロイします。 この時点で、オプションとして Kubernetes クラスターで CloudWatch Container Insights を有効化できることに注意してください。  CloudWatch Container Insights は、Kubernetes クラスターからのパフォーマンスメトリクスに基づいて自動ダッシュボードをパブリッシュします。  CloudWatch Container Insights が有効化されているので、リソース から、コンポーネントを含めた Kubernetes クラスタートポロジを表示するマップビューにアクセスできます。
9,15 MAY 2020,EC2 の値下げ – EC2 Instance Savings Plans と標準リザーブドインスタンス | Amazon Web Services ブログ,標準リザーブドインスタンスまたは EC2 Instance Savings Plans の使用を計画している Amazon Elastic Compute Cloud (EC2) のお客様のための値下げについてお伝えできることを嬉しく思います。価格の変更はすでに発効しているため、ニュース RI または新しい EC2 Instance Savings Plans を購入する人は誰でも、値下げ後の価格を利用できます。 当社のエンジニアリングへの投資が、当社の規模および定評のあるキャパシティー管理能力と相まって、コスト削減の機会を特定し、その効果をお客様に享受いただくことを可能にしました。 ご利用いただける値下げは、選択したリージョン、採用する期間 (1 年または 3 年)、そして、最終的には、契約でコミットするインスタンスファミリーに基づきます。以前に支払っていた金額の 1% から最大 18% までの金額の値下げが適用されます。以下では、M5、C5、および R5 のインスタンスタイプ全体の節約のスナップショットを示しましたが、C5n、C5d、M5a、M5n、M5ad、M5dn、R5a、R5n、R5d、R5ad、R5dn、T3、T3a、Z1d、および A1 のインスタンスタイプについても料金が引き下げられています。 いくつかご注意いただきたい点を挙げます。まず、この値下げは、コンバーティブルリザーブドインスタンス、Compute Savings Plans、またはオンデマンドインスタンスについて利用できません。2 つ目として、Windows インスタンスでは、関連するライセンスのため、異なる値下げが適用されます。 値下げは、すべての地域ですぐにご利用いただけます。
10,15 MAY 2020,Amazon Fraud Detector で PoC (概念実証) を構築し、不正行為を迅速に検出する | Amazon Web Services ブログ,Amazon Fraud Detector は偽のアカウントの作成やオンライン決済詐欺など、不正行為の可能性があるオンライン活動を簡単に特定できるようにするフルマネージドサービスです。汎用機械学習 (ML) パッケージとは異なり、Amazon Fraud Detector は不正を検出するように特別に設計されています。Amazon Fraud Detector は、最新の ML サイエンスのデータおよび Amazon.com と AWS の 20 年以上にわたる不正検出の経験を組み合わせて、ビジネスでの不正行為を検出するためにカスタマイズした ML モデルを構築するものです。 この投稿は、オンライン不正インサイトモデルの堅牢な概念実証 (POC) を開発および実行するのに役立ちます。そのため、ビジネスにおける Amazon Fraud Detector の有用性を評価できます。オンライン不正インサイトモデルは、新しいアカウントでの不正、オンライン取引詐欺、偽のレビューなど、さまざまな種類の不正行為を解決するための教師あり ML モデルです。 オンライン不正インサイトモデルで POC を開始する際には、次のことを考慮してください。   これで、このモデルと検出器を使用して、ビジネスにおける Amazon Fraud Detector の有用性を評価できます。そのためには、AWS SDK と GetPrediction API を使用して、不正予測を作成する必要があります。 このユースケースでは、Amazon Fraud Detector でモデルを作成し、登録時 (T0) に不正を検出します。
11,15 MAY 2020,AWS Backup を使った Amazon EFS のファイルおよびフォルダーの復元 | Amazon Web Services ブログ,これらアプリケーションの多くに、共有ファイルを使用するための設計要件があります。セルフマネージド型で共有ファイルシステムを実現するには、多くの作業が必要です。取得やプロビジョニングが必要なものとしては、コンピューティングとストレージのリソース、ネットワーキング、ロードバランシング、精密な需要予測、ソフトウェアの管理、そして可用性や信頼性のためのレプリケーション管理、などが挙げられるでしょう。完全マネージド型の共有ファイルシステムなら、セルフマネージド型のシステムが必要とする代わり映えしない重労働から解放されます。組織は、イノベーションやソリューションによる差別化に注力できるのです。 今回、AWS Backup に、作成したバックアップから EFS ファイルシステム内のファイルやフォルダーを復元できる機能が追加されました。このソリューションをクリーンアップするには、次の手順を実行します。AWS Backup は、Amazon EFS ファイルシステム全体を以前の時点に復元することができます。また、このサービスでは、アプリケーションもしくはヒューマンエラーにより不注意に削除された、個別のファイルやフォルダーを復元することもできます。アイテムレベルの復元は、厳しい RTO 要件を満たしながら、必要な個別ファイルやフォルダーをバックアップから選択的に復元できる柔軟性を提供します。
12,15 MAY 2020,Amazon Transcribe Medical および Amazon Comprehend Medical を使用した、医療現場でのトランスクリプションおよび分析の実行 | Amazon Web Services ブログ,ヘルスケア業界は、規制の厳しい複雑な業界です。業界内では口頭によるコミュニケーションで大量の情報交換が行われています。こうした音声データには、貴重な情報と実用的な洞察が含まれていることもあります。本稿では、HIPAA に準拠した AWS AI サービスである Amazon Transcribe Medical と Amazon Comprehend Medical を統合し、こうしたデータから洞察を引き出す方法について説明します。医療データの抽出と理解を自動化できれば、医療従事者は患者のケアに集中できます。 Amazon Transcribe Medical は機械学習 (ML、machine learning) サービスであり、患者と医師の間で行われる医療相談の内容を、迅速、簡単、高精度にテキストに変換 (トランスクリプション) できます。医師のメモ、臨床試験報告書、患者の健康記録などのさまざまなソースから、病状、薬剤、投与量、成分含有量、頻度などの情報を短時間で高精度に収集できます。 Medical Transcription Analysis (MTA) は、Amazon Transcribe Medical と Amazon Comprehend Medical を使用して、臨床メモのトランスクリプションと理解を行うシンプルなソリューションです。このソリューションでは、クライアント (ブラウザ) と Amazon Transcribe Medical の間で WebSocket を開きます。この情報を PDF 形式でエクスポートして、依存関係にあるダウンストリームアプリケーションで使用することができます。
13,15 MAY 2020,AWS Machine Learning と IoT サービスを使用して、芝生のモニタリングと雑草検出ソリューションを構築する | Amazon Web Services ブログ,住宅の新規購入者は、芝生のお手入れを効果的に管理するにはどうしたらよいかと頭を抱えることがよくあります。あなたが農家だとして、何平方メートルもの土地にこれをしなければならない場面を想像してみてください。農家として通常直面する課題には、いつ (水を撒くのに適切な時期はいつか)、どこで (水を撒いたり肥料を与えたりするエリアはどこにするか)、 どうやって (雑草の処理方法) 管理するかが含まれます。アメリカ雑草科学協会 (WSSA) が実施した調査研究では、手入れしていない雑草がトウモロコシと大豆の作物にもたらす損失は、年間合計 430 億 USD に上るという結果が出ています。 Kaggle ウェブサイトの Open Sprayer 画像データセットには、広葉樹のドックの写真 (雑草)と広葉樹のドックのない土地の写真 (草) が含まれています。この記事には、いくつかのハイパーパラメータがあります。このコードでは、以下のテストのために雑草のサンプル画像を使用しています。デバイスは、検出した雑草と作物のトリミングされた画像を Amazon S3 にフィードします。 この画像分類モデルで AWS DeepLens が使用する完全な推論 Lambda 関数の詳細については、GitHub リポジトリを参照してください。  アーキテクチャには、おおまかに次の手順が含まれています。
14,15 MAY 2020,AWS リージョン間データ転送 (DTIR、Inter-Region Data Transfer) 料金の引き下げ | Amazon Web Services ブログ,複数の AWS リージョンにわたる AWS アプリケーションを構築している方に朗報です。南米 (サンパウロ)、中東 (バーレーン)、アフリカ (ケープタウン)、アジアパシフィック (シドニー) リージョンを送信元とする、別の AWS リージョンへのデータ転送料金が引き下げられます。新料金は下記のとおりで、2020 年 5 月 1 日より適用されます。 すべての AWS リージョンのリージョン間データ転送料金については、こちらの料金表をご確認ください。 — Jeff;  。
15,15 MAY 2020,エンタープライズ検索の再発明 － Amazon Kendora が一般発売されました | Amazon Web Services ブログ,2019年末には、機械学習を活用した非常に正確で使いやすいエンタープライズ検索サービス Amazon Kendra のプレビューエディションをリリースしました。本日、Amazon Kendra が一般販売されることになりました。 過去数十年間の驚くべき成果のすべてを用いても、情報技術は、必要とする情報をすばやく簡単に見つけ、皆が日々直面している問題を解決するには至っていません。会社の出張規定の最新版を探す場合でも、「エポキシ接着剤の引張強度は？」などのより技術的な質問をする場合でも、すぐに正いい回答を得られれそうにはありません。全く回答を得られない時もあります。このマルチドメインの専門知識により、Kendra はより正確な回答を見つけることができるのです。 今日、既に多くの組織で Amazon Kendra が使用されています。探している情報は、最初の文にありました。しかし、Amazon Kendra は私の質問を正しく解釈しました。 開発者版には、エンタープライズエディションと同じ機能があります。
16,15 MAY 2020,AWS Graviton2 を搭載した新しい EC2 M6g インスタンス | Amazon Web Services ブログ,本日より、第 6 世代の Amazon Elastic Compute Cloud (EC2) 汎用インスタンスである M6g をご利用いただけます。「g」は「Graviton2」を意味します。これは、AWS (および Amazon のグループ企業である Annapurna Labs) が 64 ビット Arm Neoverse N1 コアを使用して設計した次世代の Arm ベースのチップです。  これらのプロセッサは、256 ビットの常時オンの DRAM 暗号化をサポートしています。また、第 1 世代の Graviton と比較して浮動小数点演算の性能を 2 倍にするデュアル SIMD ユニットが含まれており、機械学習の推論ワークロードを加速する int8/fp16 命令をサポートしています。これらのインスタンスは、専用ハードウェアと軽量ハイパーバイザーの組み合わせである AWS Nitro System を利用しています。M6g インスタンスは、アプリケーションサーバー、ゲームサーバー、中規模データベース、キャッシングフリート、ウェブ層などのワークロードに適しています。たとえば、Amazon Linux 2 インスタンスを開始するには、以下のとおりとなります。 (上記のコマンドで ssh キー名とセキュリティグループ ID を調整する必要があります) インスタンスが起動すると、Amazon Elastic Compute Cloud (EC2) インスタンスのように動作します。 汎用の M6g インスタンスにとどまるつもりはありません。
17,15 MAY 2020,ハイブリッドの方法を使用して、Amazon DocumentDB へ移行する | Amazon Web Services ブログ,Amazon DocumentDB (MongoDB 互換) は、MongoDB のワークロードをサポートする、高速かつスケーラブルで可用性に優れた完全マネージドのドキュメントデータベースサービスです。お客様は、基盤となるインフラストラクチャの管理を気にすることなく、現在の MongoDB 3.6 用のプリケーションコード、ドライバー、ツールをそのまま使用して、Amazon DocumentDB 上でのワークロードの実行、管理、そしてスケーリングが行えます。ドキュメントデータベースである Amazon DocumentDB は、JSON データの保存、クエリ、およびインデックスを容易にします。 MongoDB から Amazon DocumentDB に移行するための主要なアプローチとしては、オフライン、オンライン、ハイブリッドの 3 つがあります。詳細については「移行アプローチ」をご参照ください。 今回の記事では、ハイブリッドアプローチにより MongoDB のデータを Amazon DocumentDB に移行する方法についてご紹介していきます。ハイブリッドアプローチは、オフラインアプローチが持つ移行速度に、オンラインアプローチが提供するダウンタイムの最小化を組み合わせたものです。この場合も、MongoDB 3.6 を Amazon DocumentDB に移行する際の互換性は確保されます。Amazon DocumentDB インスタンスとコストの詳細については、「Amazon DocumentDB (MongoDB 互換) 料金」をご参照ください。この手順については「Amazon DocumentDB の開始方法」をご参照ください。
18,15 MAY 2020,グローバルマルチメディア通信社であるロイターがアマゾン ウェブ サービスをどのように利用しているかをご覧ください | Amazon Web Services ブログ,私は Thomson Reuters でソリューションアーキテクトを担当している、Romeo Radanyi です。チームがクラウドテクノロジーを理解したり、導入できるようサポートしています。企業レベルの標準規格の設定、人工知能や機械学習の計画の推進、そして数多くのロイターシステムの構築にも携わっています。また、データサイエンスとJupyterノートブックの初心者向けのコースを A Cloud Guru で開発して提供しました。 ロイターは、世界最大のマルチメディアニュース源で、みなさんが目にしたり、読んだり、聞いたりするニュースネットワークへのニュースソースを提供しています。弊社は、いわば卸売業者の一種です。つまり、BBC、CNN、ニューヨークタイムズ、ワシントンポスト、そして他の世界中のお客様向けに、さまざまな形式で生のニュースを販売しています。 ロイターは、さまざまなフォーマットでコンテンツを作成して配信しています。ロイターチームからの広範なサポートがあっても、コストは増加していました。さらに、人工知能や機械学習の領域全体で将来の成功に向けて準備しました。
19,15 MAY 2020,Amazon EFS を Amazon ECS と AWS Fargate で使用するための開発者ガイド – パート 1 | Amazon Web Services ブログ,﻿ Amazon Elastic Container Service (ECS) と Amazon Elastic File System (EFS) のネイティブ統合が最近導入されました。Amazon ECS は、クラウド専用に構築され、他の AWS のサービスと統合されたフルマネージド型のコンテナオーケストレーターサービスです。ECS は、Amazon EC2 と AWS Fargate の両方で、(いわゆるタスクにラップされる) コンテナのデプロイをサポートしています。Amazon EFS は、ECS や EC2 インスタンスなどの他の AWS のサービスで使用するように設計された、フルマネージド型の柔軟な共有ファイルシステムです。Amazon EFS は透過的にスケーリングし、データをレプリケートし、アベイラビリティーゾーン全体で利用できるようにし、複数のストレージ階層をサポートしています。 この統合は、EC2 インスタンスまたは Fargate を使用するすべての ECS のお客様がご活用いただけます。この統合は、Fargate の、AWS が最近リリースしたプラットフォームバージョン 1.4 で有効になりました。ECS と EFS の統合は、完全に伸縮自在な管理ファイルシステムが導入され、これをコンテナで使用できることを表しています。AWS が 2006 年に EC2 を導入したとき、サポートされていたのは一時的なストレージのみでした。 この機能が導入されるまで、お客様には、ECS タスク内からタスクを実行している仮想マシンのローカルファイルシステム (コンテナストレージとも呼ばれます) を使用するオプションがありました。
20,15 MAY 2020,Amazon EFS を Amazon ECS と AWS Fargate で使用するための開発者ガイド – パート 3 | Amazon Web Services ブログ,﻿ Amazon EFS を Amazon ECS と AWS Fargate で使用する方法に関するこのブログ記事シリーズのパート 3 へようこそ。参考までに、このブログ記事シリーズは次のように構成されています。 この記事では、パート 1 とパート 2 で学んだことを試すためのサンプルコードを作成します。このブログを 2 つのメインブロックに分割します (2 つの個別の例を使用して)。 これらの背後にある理論について詳しく知りたい場合は、パート 1 をご覧ください。 これらの例では、ECS タスクは Fargate で実行されますが、EC2 インスタンスで同じタスクを実行する場合 (異なるタスク起動タイプを使用する場合) はまったく同じワークフローが適用されます。 以下の例は、少なくとも 2 つのパブリックサブネットと 2 つのプライベートサブネット (アベイラビリティーゾーンごとに 1 つ) を使用できる VPC があることを前提としています。AWS CLI から CloudFormation、さらには CDK まで、そのような VPC を作成する方法は数多くあります。パート 2 では、アクセスポイントを使用する利点について説明しています。詳細については、このブログシリーズの パート 2 をご覧ください。
21,15 MAY 2020,Amazon EFS を Amazon ECS と AWS Fargate で使用するための開発者ガイド – パート 2 | Amazon Web Services ブログ,Amazon EFS を Amazon ECS と AWS Fargate で使用する方法に関するこのブログ記事シリーズのパート 2 へようこそ。参考までに、このブログ記事シリーズは次のように構成されています。 このブログ記事は、Amazon ECS と AWS Fargate を使用している開発者で、Amazon EFS との統合を使用して、各リージョンで弾力性があり、スケーラブルなステートフルサービスをデプロイする方法を学びたい方を対象としています。 パート 3 は、このすべての理論を実践するパートです! Amazon ECS は、リージョン別に分散されたコンテナオーケストレーターで、AWS が完全に管理しています。ECS コントロールプレーンは、リージョンエンドポイントを公開します。これは、唯一注意する必要がある点です。このため、弾力性とスケールアウトについて考えなくてもすぐに使用できます。 このシリーズのパート 1 で触れたように、ECS は、顧客管理の Amazon EC2 インスタンスと AWS Fargate の両方でタスクをデプロイすることをサポートしています。この機能は EFS アクセスポイントと呼ばれ、次の 2 つの主要な点を改善できました。 これで、このシリーズのパート 2 は終了です。
22,15 MAY 2020,AWS DMS を使用して Amazon Aurora for PostgreSQL のメジャーバージョンへのアップグレードを最小ダウンタイムで実現する | Amazon Web Services ブログ,AWS は 2 つのマネージド型 PostgreSQL オプションを提供しています。Amazon RDS または Aurora がデータベースエンジンの新しいメジャーバージョン (PostgreSQL 10 から 11 など) をサポートしている場合、DB インスタンスを新しいバージョンにアップグレードできます。メジャーバージョンのアップグレードには、既存のアプリケーションとの下位互換性がない可能性があるデータベースの変更が含まれる可能性があります。詳細については、「Aurora PostgreSQL 向けの PostgreSQL DB エンジンをアップグレードする」と「Amazon RDS を PostgreSQLのメジャーバージョンとマイナーバージョンにアップグレードするためのベストプラクティス」を参照してください。 Amazon RDS と Aurora のどちらにも、DB インスタンスを変更することにより、メジャーバージョンのアップグレードを手動で開始するオプションがあります。これは、インプレースアップグレードとも呼ばれ、アップグレードプロセス中にアプリケーションのダウンタイムを必要とします。また、アップグレードで問題が発生した場合は、最新のバックアップを復元する必要があります。 この記事では、最小限のダウンタイムで AWS DMS を使用して Aurora PostgreSQL 10 データベースを Aurora PostgreSQL 11 にアップグレードする方法について説明します。この記事では Aurora を使用していますが、手順は Amazon RDS for PostgreSQL インスタンスにも有効です。 PostgreSQL バージョン 11 には、以前のリリースとの互換性に影響を与える可能性のある変更点がいくつか含まれています。
23,15 MAY 2020,Amazon Neptune を使用して顧客識別グラフを作成する | Amazon Web Services ブログ,顧客識別グラフは、プライバシー保護に準拠した方法を用いて、クッキー、デバイス識別子、IP アドレス、E メール ID、および内部エンタープライズ ID などの複数の識別子を既知の個人または匿名プロファイルにリンクすることにより、顧客と見込み顧客の単一の統合ビューを提供します。また、デバイスやマーケティングチャネル全体での顧客の行動や好みをキャプチャします。これは中央ハブとして機能し、ターゲットを絞った広告、顧客体験のパーソナライズ、およびマーケティング効果の測定を可能にします。 この記事では、AWS で顧客識別グラフを作成する方法の概要を説明し、主要なビジネスドライバー、課題、ユースケース、顧客の成功事例、およびソリューションの利点を確認します。また、ソリューション、サンプルデータモデル、AWS CloudFormation テンプレート、および開発を開始するために使用できるその他の技術コンポーネントについても説明します。顧客シグナルにリアルタイムで応答して、広告およびマーケティングアプリケーションとカスタマージャーニーオーケストレーションを自動化できます。 Neptune で顧客識別グラフを作成するには、次の 3 つの主要コンポーネントが必要です。 この記事では、Neptune をグラフデータベースとして使用して、顧客識別グラフをホストする方法を示しました。 以下は、ソリューションを使用してユーザーエクスペリエンスをパーソナライズしたお客様の導入事例です。 以下に、顧客識別グラフと Amazon Neptune の使用を開始するために必要なリソースを示します。
24,15 MAY 2020,AWS Snowball Edge での AWS Identity and Access Management | Amazon Web Services ブログ,お客様の多くは、安全なデータ転送とエッジコンピューティングアプリケーションのために AWS Snowball Edge デバイスを使用しています。最近、AWS は Snowball Edge での AWS Identity and Access Management (IAM) のサポートを発表しました。Snowball Edge に IAM を導入する前まで、IT 管理者はファイルをコピーしたり、コンピューティングワークロードを実行したりするユーザー全員と、単一のアクセスキー/シークレットキーの組み合わせを共有していました。このアクセス方法は、個々のサービスを制御できるほどの詳細度と柔軟性を持ち合わせていませんでした。IAM では、ユーザーが実行できるアクションを制御することにより、Snowball Edge デバイスで実行されている AWS サービスおよびリソースへのアクセスを安全に管理できます。IAM を使用すれば、デバイスユーザーがアクションを実行するために使用するデバイス上のどの AWS リソースも管理することができます。このブログでは、Snowball Edge での IAM 機能を探索し、いくつかの実用的な例を示しています。これらの認証情報は、デバイス上のサービスへのアクセスを有効にするために使用されます。 次の図では、Snowball Edge で利用可能な AWS 機能と、IAM ユーザー、ポリシー、およびロールがどのように適用されるかを示しています。IAM ユーザー、ロール、およびポリシーを使用して、Snowball Edge で実行されているサービスとリソースへのアクセスを制御および適用する柔軟性が向上しました。
25,15 MAY 2020,新機能 – 拡張された Amazon Macie が大幅に値下げされた料金で利用可能に | Amazon Web Services ブログ,Amazon Macie は、機械学習を使用してデータを自動的に特定および分類することで、機密データを検出して保護するのに役立つフルマネージド型のサービスです。 お客様に Macie を長期にわたってご利用いただく中で、お気に入りの点とそうではない点を伺いました。 サービスチームはこのフィードバックに対処するために一生懸命取り組んできました。そして本日、Amazon Macie の拡張された新しいバージョンをご利用いただけるようになったことをお知らせします。 この新しいバージョンでは、料金プランがシンプルになっています。新しい段階的な料金プランは、料金を 80% 引き下げるものです。 Macie はバックエンドで S3 と緊密に統合され、より多くのメリットを提供します。  ジョブについては、Amazon Macie はバケットへの変更を自動的に追跡し、新しいオブジェクトまたは変更されたオブジェクトのみを評価します。 拡張された新しい Macie の詳細については、ドキュメントをご覧ください。 Amazon Macie のこのリリースは、S3 用に最適化された状態を保持しています。
26,15 MAY 2020,Amazon Forecast: 学習済み Predictor を再利用して最新の予測を更新する | Amazon Web Services ブログ,こんにちは、アマゾン ウェブ サービス ジャパンの藤田です。Amazon Forecastでは、過去の時系列データからpredictor（予測子）の学習を行い、将来（新しいデータポイント）の予測を行うことが可能です。需要予測や在庫計画など、様々なビジネス課題に適用することができます。今回は、Amazon Forecast で学習した Predictor を再利用して、最新の予測を更新していく Rolling Forecastについて紹介します。    ForecastのGetting Startedからダウンロードできる電気使用量のデータを使用します。 このデータには370世帯の2014/01/01から2014/12/31（2015/01/01の0時まで）までの1年分の電力使用量が毎時単位で格納されています。今回はRolling Forecastを行うため、このデータから3つのファイルを作成します。 electricityusagedata_trainはPredictorを作成するために利用します。この Predictor で予測を行うと、2014/12/30 から Forecast Horizon で指定した期間 (今回は24時間分) の予測を得ることができます。    藤田 充矩 (Atsunori Fujita) は AWS の機械学習 プロトタイプ ソリューション アーキテクトで、自然言語処理や時系列分析などを得意にしています。
27,15 MAY 2020,責任共有モデルとは何か、を改めて考える | Amazon Web Services ブログ,本Blogは、クラウドにおける新しい常識”new normal”を考えるBlogの第二弾です。（第一弾「クラウドにおける安全なデータの廃棄」はこちら） 今回は、クラウドの基本的な考え方である”責任共有モデル”をとりあげます。こちらのBlogをご覧の皆様の中には”何故、いまだに責任共有モデルなのか”という疑問を持つ方もいらっしゃるかもしれません。しかし、未だに本モデルの考え方や実際のビジネスへの適用方法は十分に理解されていないようにも見受けられます。今回は責任共有モデルとは何か？を振り返るとともに、いくつかの理解のポイントをお伝えします。 ”セキュリティとコンプライアンスはAWSとお客様の間で共有される責任です。第一に、AWSは豊富なセキュリティサービスや機能、アップデートを提供しています。 上記のモデル図は”AWS”と”お客様”の二階層で責任共有を表現しています。また、お客様の中にも責任共有モデルは存在します。 このような責任共有という考え方は、”セキュリティだけ”に適用されるものではありません。
28,14 MAY 2020,AWS Black Belt オンラインセミナーのご案内 (2020 年 5 月) | Amazon Web Services ブログ, こんにちは！AWS Webinarチームです。 5 月の AWS Black Belt オンラインセミナーについてご案内させて頂きます。 5 月は、4 本のWebinarを実施いたします！ぜひお役立てください。 視聴方法: オンラインセミナー登録ページよりお申し込みください 2020 年 5 月 19 日 (火) | 12:00 – 13:00 | IT 知識レベル:★★☆☆☆ | AWS 知識レベル:★★☆☆☆ Amazon Managed Blockchain (AMB) はフルマネージド型のサービスで、代表的なオープンソース・ブロックチェーン・フレームワークである Hyperledger Fabric を使用して、スケーラブルなブロックチェーンネットワークを簡単に作成し管理できます。本セミナーでは、AMB の概要に始まり、ユースケース、事例、最新のアップデートなどをご紹介します。Developer を「Undifferentiated Heavy Lifting」(差別化につながらない重労働)から解放し、本質的なアプリケーション開発に集中することができます。本セッションでは、Amplify の概要、Amplify を使った開発手法、及び、お客様からよく頂く質問を QA 形式でご紹介していきます。本セッションでは AWS X-Ray の基本的な概念から、分析方法、各種 AWS サービスにおける利用方法などを網羅的にご紹介いたします。本セミナーでは、VMware Cloud on AWS をこれから使い始める方向けに、VMware Cloud on AWS のサービス概要、ユースケース、ロードマップをご説明するとともに、コンソールでの操作方法、ネイティブAWSサービスとの連携方法、VMware Hybrid Cloud Extension (HCX) によるオンプレミスからの移行などをデモンストレーションを交えてご紹介いたします。 対象者 本セミナーで学習できること スピーカー。
29,14 MAY 2020,【開催報告】AWS AI/ML@Tokyo #1 ～AWS の AI/ML サービス最新情報～ | Amazon Web Services ブログ,アマゾン ウェブ サービス ジャパン株式会社の大渕です。2020年2月6日に開催された AWS AI/ML@Tokyo #1では、AWS Japan によるAWS AI/ML サービスの紹介と、2019年12月の re:Invent 2019 で発表された Amazon SageMaker Studio など新機能の紹介を行いました。    アマゾン ウェブ サービス ジャパン株式会社 機械学習ソリューションアーキテクト 鮫島 正樹    AWS が提供する機械学習サービスの全体像について、Machine Learning サービススタックという、AWS の考え方にもとづいて紹介をしました。Machine Learning サービススタックとは、AWS の機械学習サービスを構成する、AIサービス、MLサービス、MLフレームワーク＆インフラストラクチャを表現したものです。 まず、お客様がデータを用意するだけで、APIから機械学習を利用できるAIサービスについてご紹介しました。 そのほかにも、機械学習を利用した高精度な文書検索が可能な Amazon Kendra、機械学習によるオンライン不正検知サービスの Amazon Fraud Detector、コードレビューの自動化と性能改善のためのサービス Amazon CodeGuru など、2019年12月の re:Invent 2019 で発表されたサービスをご紹介しました。また、機械学習ワークフローで発生する課題に対して、Amazon SageMaker のサービス群がどのように効果的なのかをご紹介しました。   今回は、re:Invent 2019 で発表された新機能を含めて、AWS の機械学習サービス全体をご紹介しました。 今後のAWS AI/ML@Tokyo については、こちら をご覧ください。2019年に開催した「Amazon SageMaker事例祭り」の開催報告と登壇スライドは、以下のリンクからご覧いただけます。
30,14 MAY 2020,Amazon Kinesis Video Streams ハンズオンを公開 – カメラデバイスからの動画の収集、ストリーミング再生、分析方法を学ぶことができます | Amazon Web Services ブログ,こんにちは、IoT Specialist ソリューションアーキテクトの三平です。この記事では、Amazon Kinesis Video Streams ハンズオンをご紹介します。 Amazon Kinesis Video Streams は、分析、機械学習 (ML)、再生、およびその他の処理のために、接続されたデバイスから AWS へ動画を簡単かつ安全にストリーミングできるマネージドサービスです。数百万のデバイスからの動画をセキュアに取り込み、時系列でインデックスして保存、再生や分析のために容易に取り出すためのインフラストラクチャを、自動的にプロビジョンして、伸縮自在にスケールします。 このハンズオンで作成する構成は以下の図のようになっています。  Lab-1 では、Raspberry Pi をセットアップ、Amazon Kinesis Video Streams Producer SDK C++ をインストールし、クラウドに動画を収集できるようにします。 準備が必要なハードウェアの詳細については、Amazon Kinesis Video Streams ハンズオンのトップページをご覧ください。是非ハンズオンで Amazon Kinesis Video Streams や Amazon Rekognition Video への理解を深めていただければと思います。また、ハンズオン内容に関するフィードバックや修正依頼がある場合は Github リポジトリ へ Issue としてご報告いただけますと幸いです。AWS では IoT スペシャリストソリューションアーキテクトとして、お客様の IoT 関連案件を支援しています。
31,13 MAY 2020,金融機関で活用される AWS のテレワーク支援サービス | Amazon Web Services ブログ,金融機関の皆様においては、社会を取り巻く状況の急変に伴い、お客様及び従業員の皆様を保護しつつサービスレベルや業務効率を維持されるためのさまざまな対策を講じられていることと存じます。そして金融庁からも4月13日に「出勤者7割削減」の要請が周知され、テレワーク環境の構築は、金融業界全体としても喫緊の課題として認識されているものと思います。 欧米各国においては、金融機関の事業継続に向けて、AWS のサービスを活用したテレワーク対応を進めて頂いている事例があります。また、従業員及びその顧客を対象に数千席規模の仮想デスクトップ環境を提供することで業務の継続を図っているケースもあります。　いずれの AWS サービスも、クラウドならではの俊敏性と拡張性を備えており、今回のように急遽テレワーク環境構築が必要とされているケースにご活用いただけるものです。 Amazon Connect は元々、Amazon.com の大規模コンタクトセンター向けに開発された技術がベースになっているクラウドサービスです。　もちろん、AWS によるマネージドサービスとして、マルチAZでの冗長構成でサービスを提供しています。 Amazon Connect による在宅コンタクトセンターの迅速な立ち上げが、国内外の金融機関でも進められています。日本の金融機関のお客様も例外ではなく、某クレジットカード会社様では短期間でほぼ全ての業務環境を Amazon WorkSpaces に移行、展開されております。 https://aws.amazon.com/jp/remote-work-learning/   オンラインライブセミナー　AWSではじめる金融業界のためのテレワーク環境構築セミナーを開催します。
32,12 MAY 2020,【登録開始】 AWS Game Tech The Digital Download オンラインイベント | Amazon Web Services ブログ,   AWS Game Techのグローバルオンラインイベント「The Digital Download」が、日本時間の5/21（太平洋標準時 は5/20）に開催されることとなりました。このイベントでは、今年のゲームデベロッパーカンファレンス (GDC) で共有する予定だったコンテンツや講習、お客様事例などをすべて紹介します。業界の専門家、ゲーム開発を始めたい学生の皆様、ゲームファンの方々など、皆さま奮ってご参加ください。 The Digital Download オンラインイベントの詳細を閲覧、またイベントへの登録を行うには以下のリンクをクリックしてください。   ご登録はこちら→“AWS game tech The Digital Download”   この無料のオンラインイベントでは、AWS Game Tech サービスの知識を共有することで開発者の皆様に刺激を与え、ゲームをより速く構築し、よりスマートに運用し、そしてプレーヤーを喜ばせることを目的としています。コンテンツとしましては、ライブQ&amp;Aを含む11のセッション、17のテクニカルデモ、また15社以上のゲームスタジオから、彼らのゲームの背後にあるアーキテクチャについての紹介、そしてライブで質問をいただけるエキスパートゾーンなどがございます。 リアルタイムでのイベント参加は難しいですか？イベントの放送終了後に、セッションとデモは、登録された参加者のみを対象にオンデマンドで提供させていただきます。日本のお客様により深くご理解いただけますよう、セッション内容はすべて日本語にローカライズされ、オンデマンドでご覧いただけます。 イベントへの参加をご希望の方、またオンデマンドでのコンテンツ配信の通知を受け取りたい方はいますぐご登録ください。  。
33,11 MAY 2020,週刊AWS – 2020/5/4週 | Amazon Web Services ブログ,みなさん、こんにちは。AWSソリューションアーキテクトの小林です。 今週も週刊AWSをお送りします。 最近キーボードをタイプするときに手首が痛いような気がして気になっています。昔のデスクトップタイプのキーボードよりも格段に薄く、ストロークも浅いので手首が変に曲がってしまっているのが原因ではないかと考え、パームレストを買ってみました。単に手首を乗せる板なのですが、手首の位置が持ち上がることによって曲げの度合いが緩やかになり、快適になったような気がします。こういうものはしばらく使ってみないと本当に良い変化なのかが分かりづらいので、しばらく使ってみてどうなるかを観察してみようとおもう今日この頃です。 それでは、先週の主なアップデートについて振り返っていきましょう。  それでは、また来週！ ソリューションアーキテクト 小林 正人(twitter – @maccho_j)。
34,11 MAY 2020,AWS Academy による高等教育への投資 | Amazon Web Services ブログ,世界中で高等教育が面している課題については、既知の事実であり嘆くべきことです。高騰を続ける学費は、教育への投資に対する利益率を減少させるばかりでなく、教育の享受のしやすさや公平性まで脅かし、企業が求める人材へのニーズと、卒業生が持つスキルのギャップも広げています。こうしたトレンドは、教育システムに対する信頼の危機を招いています。米国 Gallup polls の調査によると、2015 年以来、高等教育システムの信頼度は低下の一途を辿り、英国でも多くの学生が自身の能力の価値について懸念を持っていることが報告されています。 こうした動向は憂慮すべき一方、同時にイノベーションや連携への新しい扉を開いているとも言えます。そのため、従来のビジネスモデルやアプローチの見直しを図ることを余儀なくされています。 AWS Academy で世界中の高等教育機関に投資を行っているのはこのためです。私たちは高等教育がまだ世界的に労働力創出の重要な場であると信じています。 世界的に見てもクラウド人材への需要は膨大です。私達は革新的かつ拡張性のある産学連携を促し、グローバル人材のサプライチェーンを構築しようとしています。
35,11 MAY 2020,既存のAWSアカウントを AWS Control Tower へ登録する | Amazon Web Services ブログ,AWS Control Tower のリリース後、多くのお客様からいただいていたご要望がありました。既存のAWS Organizations に AWS Control Tower をデプロイすることと、組織が持つ他のアカウントにもガバナンスを拡張することです。 このたび、AWS Control Tower を既存の AWS Organization にデプロイできるようになったことをアナウンスいたします。そのため、これらの未登録アカウントは明示的に AWS Control Tower へ登録する必要があります。 既存アカウントを AWS Control Tower へ登録することで、アカウントベースライン（基本設定）と追加のガードレールが配備され、継続的なガバナンス（Continuous Governance）が有効になります。なお、アカウントを登録する前には、適切なデューデリジェンス（事前評価）を行う必要があります。以下に記載されている「考慮すべき事項」セクションの追加情報を参照してください。 このブログで紹介するPythonスクリプトは未登録OUが持つすべてのアカウントを AWS Control Tower へ登録することをサポートします。 このたび、既存の AWS Organization に AWS Control Tower をデプロイすることができるようになりました。この投稿では、AWS Organizations 内の既存の AWSアカウントを AWS Control Tower に登録する方法を紹介しました。
36,11 MAY 2020,AWS Config 適合パックを使用したAWS Control Tower発見的ガードレールの実装 | Amazon Web Services ブログ,この度、既存のAWS OrganizationでAWS Control Towerを起動できるようになりました。これにより、お客様は既存のアカウントにてAWS Control Towerの発見的ガードレールのコンプライアンスを適用できるようになりました。加えて、我々はControl Towerの配下にアカウントを登録する機能も発表しました。 このブログでは、AWS Config適合パックを使用してControl Towerガードレールを既存のアカウントに適用する方法を示します。また、適合パックを変更し、管理されていないアカウントに発見的ガードレールのサブセットを適用する方法を示します。最後に、適合パックを使用して、AWS Control Towerがデプロイされていないリージョンに存在するアカウントのリソースを管理する方法を示します。  既存のAWS OrganizationでAWS Control Towerを有効にすると、Control Towerによって作成された新しい組織単位（OU）は、すべての必須ガードレールが自動的に適用されます。ここで 適合パックを使うことで、アカウントのリソースにAWS Control Towerガードレールを適用した場合の影響を評価できます。また、アカウント管理に使用したいガードレールのみを反映できるよう、適合パックを変更する方法を示しました。最後に、適合パックを使用して、現在AWS Control Towerがサポートしていないリージョンのリソースを管理する方法を示しました。
37,11 MAY 2020,AWS Config 適合パックの紹介 | Amazon Web Services ブログ,AWS Config  適合パック（コンフォーマンスパック）を紹介できることを大変嬉しく思います。適合パックは、共通のフレームワークとパッケージモデルを用いて、ポリシー定義から監査、集計レポートに至るまで、大規模なAWS リソースのコンプライアンス設定を管理するのに役立ちます。 注：本記事の原文は2019年12月に公開されていますが、2020年4月に適合パックの追加（AWS Control Tower ガードレール適合パック、CIS コンプライアンスパック）が行われたことに伴い、今回改めて翻訳を実施致しました。 適合パックを使用すると、コンプライアンスルールのパッケージを作成することができます。このパッケージはAWS Config ルールと修復アクションの両方を単一のエンティティにまとめたもので、大規模な展開を容易にします。 適合パックは、AWS CloudFormation と同様にマークアップを使用して記述されます。本機能を使って、一連の AWS Config ルールで構成される適合パックを作成できるようになりました。 適合パックを使用するには、次の要件を満たしていることを確認してください。 適合パックにカスタムルールを追加することができます。この適合パックのテンプレートは AWS Config でデプロイします。
38,10 MAY 2020,AWS DataSync で数分でマネージドファイルストレージに移動 | Amazon Web Services ブログ,クラウドのメリットの概要はすでにご存知かと思います。IT インフラストラクチャの維持とは対照的なコアビジネス、向上した俊敏性と革新性、および収益の拡大に注力しましょう。AWS のフルマネージド型のファイルサービスポートフォリオは、ストレージの面でも、これらのメリットを実現するのに役立ちます。 この点をもう少し詳しく見ていきましょう。当社は、これを「他との差別化に繋がらない重労働の排除」と呼ぶこともあります。 おそらく、ファイルサーバーの実行は、コアコンピテンシーではないでしょう。そうではなく、ほとんどの場合、ファイルサーバーは、お客様が実行するアプリケーション、または顧客のためにホスティングしているサービスをサポートするために必要です。オンプレミスで実行している場合、ファイルサーバーの管理においては、いくつかの対応が必要となります。 この投稿では、クラウド内のマネージド型ストレージに移行するためのビジネスドライバーについて説明します。」 –Terrell Cassada 氏、CIO、LoanLogics  AWS は、ビジネスクリティカルなアプリケーション向けに、フルマネージド型のファイルシステムサービスをいくつか提供しています。
39,10 MAY 2020,Amazon Elasticsearch Service のUltraWarm の一般提供 | Amazon Web Services ブログ,本日、Amazon Elasticsearch Service の UltraWarm の一般提供を開始しました。 この新しい低コストのストーレジ層は、現在の Amazon Elasticsearch Service ストーレジ層の 10 分の 1 のコストで、最大 3 ペタバイトのログデータについて高速かつインタラクティブなアナリティクスを提供します。 UltraWarm は、古いデータやアクセス頻度の低いデータに安価なストーレジを提供することで、既存の Amazon Elasticsearch Service ホットストーレジ層を補完します。同時に Amazon Elasticsearch Service のお客様が期待するような、てきぱきしたインタラクティブなエクスペリエンスを提供します。Amazon Elasticsearch Service は、Amazon S3 にデータを保存し、AWS Nitro System 上で専用に構築された高度に最適化されたカスタムノードを使用して、そのデータをキャッシュ、プリフェッチ、クエリします。 Amazon Elasticsearch Service には、ウェブサイトの検索システムの構築、アプリケーションログまたはインフラログからのデータの保存と分析など、多くのユースケースがあります。この新しいストーレジ層は、大量のログデータを保存しているお客様に特に適していると考えています。マイクロサービスとコンテナを使用してアプリケーションを構築する開発者が増えると、ログデータが爆発的に増加します。 AWSは、この問題を解決するために UltraWarm を構築しました。. UltraWarm ノードの設定が完了したら、次の要求を使用してインデックスをホットからウォームに移行できます。
40,10 MAY 2020,Bristol Myers Squibb が AWS Storage Gateway を使用してパフォーマンスの向上とコスト削減を実現 | Amazon Web Services ブログ,AWS ストレージブログの以前の投稿で説明したように、Bristol Myers Squibb は、多くの AWS ストレージサービスを利用して、さまざまなライフサイエンスのワークフローでペタバイト規模のデータを管理しています。ゲノミクスと臨床データは指数関数的に増加しており、データの処理における信頼性が高く、スケーラブルで安全なサービスを利用することが重要となっています。そのため、当社の組織では、Amazon Simple Storage Service (Amazon S3)、Amazon Elastic Block Store (Amazon EBS)、AWS Storage Gateway などの AWS ストレージサービスが中心的な役割を果たします。 以前言及したように、Amazon S3 が非常に成功し、Bristol Myers Squibb で広く採用された主な理由の 1 つに、AWS がアクセス管理とセキュリティに注力していることが挙げられます。データは Amazon S3 に存在し、ここで処理されます。これは、sgw-Alpha および sgw-Beta という 2 つの同一の Storage Gateway で構成されています。これは主に、専用ではない共有のクラウドホスト環境とシミュレートされたデータセットを使用していることによります。これは、小さなファイルの場合、IOPS がプロビジョニングされたストレージがそれほど重要ではないことを示唆しています。これは、次の図で明確に示唆されています。AWS ストレージブログで、Bristol Myers Squibb の旅を AWS とさらに共有できることを楽しみにしています。
41,10 MAY 2020,新しい Amazon Redshift コンソールでクエリをモニタリングおよび最適化する | Amazon Web Services ブログ,数万人ものお客様が Amazon Redshift を使用してワークロードを強化し、ビジネスインテリジェンス、予測分析、リアルタイムストリーミング分析などの最新の分析ユースケースを実現しています。管理者やデータエンジニアにとって、データアナリストや BI プロフェッショナルなどのユーザーが最適なパフォーマンスを得ることは重要です。Amazon Redshift コンソールで、クエリのパフォーマンスに関する問題をモニタリングおよび診断できます。 Amazon Redshift マネジメントコンソールには、Amazon Redshift クラスターを作成、管理、モニタリングするためのダッシュボードや更新したフローをモニタリングする機能があります。詳細については、「Simplify management of Amazon Redshift clusters with the Redshift console」をご参照ください。 この投稿では、新しい Amazon Redshift コンソールを使用してユーザークエリをモニタリングし、低速クエリを特定し、暴走するクエリを終了する方法について説明します。 Amazon Redshift コンソールは、クラスターで実行しているクエリのパフォーマンスに関する情報を提供します。  次のセクションでは、コンソールを使用してクエリのパフォーマンスに関する問題を診断するいくつかのユースケースについて説明します。  ユーザーに最適なパフォーマンスを提供するために、ユーザーのワークロードをモニタリングしたり、問題を診断した場合にはアクションを実行したりできます。この機能はユーザークエリをモニタリングし、ユーザーワークロードでのパフォーマンスの問題を診断するのに役立ちます。
42,09 MAY 2020,"SAP用のAWS DevOpsツール, パート1: Cloud Foundryアプリケーション | Amazon Web Services ブログ",この記事は、Marcel ToerpeとKenny Rajanによる投稿です。 Amazon Web Services (AWS)でミッションクリティカルなSAPワークロードを稼働するビジネス上の利点は、既に十分に証明されています。AWSでは、AWSサービスを使用してSAP環境を移行、そしてモダナイズするために、お客様と協力することを大切にしています。実際、私たちは、SAPブログで触れたAWSのモメンタムにあるように、SAPワークロードを稼働するためにAWSを採用し、SAP環境におけるイノベーションを加速させるために追加のAWSサービスを使用する方法について話し合いました。 お客様がSAPソリューションを稼働するためにAWSを稼働し続けると、AWS上で稼働する豊富なSAP Cloud Platform (SAP CP)サービスにも気づきます。これにより、強固なインフラストラクチャ基盤上でSAP拡張機能を実装するための深くて広がりのある比類なき機会が提供されています。様々な統合パターンについて知るには、ブログ「SAP Cloud Platform on AWSを使ったイノベーションの加速」を参照してください。このスピードにより、組織はお客様により良いサービスを提供し、市場でより効率的に競争することができます。 AWS CI/CDパイプラインサービスは、アプリケーションを頻繁に改善し、信頼できるデリバリープロセスを必要とする企業向けに設計されています。また、AWS CodePipelineの継続的デリバリーソリューションと連携したリッチなコード編集体験を提供する統合開発環境としてAWS Cloud9を使用しました。
43,08 MAY 2020,AWSのコストを削減する９の方法 第三回 | Amazon Web Services ブログ,みなさん、こんにちは。アマゾン ウェブ サービス ジャパン シニアエバンジェリストの亀田です。 コスト削減を主題としたオンデマンドウェビナー皆さんご覧になられましたでしょうか。興味のある方は覗いてみてください。 https://pages.awscloud.com/costdown-tips_2020_LandingPage_reg-event_CP.html 前回、前々回とこちらのブログ記事でAWSのコストを削減する方法をお届けしました。今回は最終回としてその7からその9までをお届けします。スタンドアロンの EC2 インスタンスにスポットを使用することもできます。 Compute Savings Plansは、最大限の柔軟性を提供し、AWSの利用コストを削減します。リザーブドインスタンスは料金モデルで、特定の RDS、Redshift、ElastiCache、および Elasticsearchのリソースに対してAWSとのコミットメントをすることで使用量が大幅に割引されます。最後に、AWS コンソールからリザーブドインスタンスを購入します。
44,08 MAY 2020,Amazon Elasticsearch Service Intro Workshop を公開しました！- 基本的な使い方から最新アップデートまで 2 時間で体験 | Amazon Web Services ブログ,こんにちは、アナリティクスソリューションアーキテクトの志村です。本日公開した、Amazon Elasticsearch Service (Amazon ES) の初心者向けワークショップについてご紹介します。 Amazon ES は 2015 年にリリースされた、オープンソースの Elasticsearch を大規模かつ簡単でコスト効率の良い方法を使用してデプロイ、保護、実行する完全マネージド型サービスです。ストリームデータの分析を行いたい、全文検索エンジンを構築したい、といったときに手軽にご利用いただけます。ただ実際に Amazon ES を試そうとしたときによく当たるのが、ログ分析に適したストリームデータを生成するのが意外に面倒ということです。 ワークショップで構築する仕組みは、以下の図のようになっています。Amazon Kinesis Data Generator (KDG)というデータ生成ツールを使って、Amazon Kinesis Data Firehose 経由でデータを Amazon ES に挿入します。 この中でも特に注目すべき機能について、軽くご紹介します。  この記事では Amazon Elasticsearch Service Intro Workshop についてご紹介させていただきました。初心者向けの Amazon ES の基本機能、および最近追加された新機能について手軽にお試しいただけますので、ぜひ実際に動かしていただければと思います。
45,08 MAY 2020,Amazon Aurora マルチマスタークラスターが東京リージョンに対応しました | Amazon Web Services ブログ,アマゾン ウェブ サービス ジャパン、シニアエバンジェリストの亀田です。 Amazon Auroraのマルチマスタークラスター機能が東京リージョンに対応しましたのでお知らせいたします。 Amazon Auroraは、MySQL および PostgreSQL と互換性のあるクラウド向けのリレーショナルデータベースであり、従来のエンタープライズデータベースのパフォーマンスと可用性に加え、オープンソースデータベースのシンプルさとコスト効率性も兼ね備えたAWSにより設計されたデータベースです。また、商用データベースと同等のセキュリティ、可用性、信頼性を、10 分の 1 のコストで実現します。 マルチマスター機能は、複数のアベイラビリティーゾーンにわたってAuroraデータベースの複数の読み書きインスタンスを作成できる単一のデータベースであり、稼働時間に敏感なアプリケーションがインスタンス障害を通じて継続的な書き込み可用性を実現できるようにします。この機能のご利用には、MySQL 5.6 と互換性のある Aurora MySQL バージョン 1 が必要です。    マルチマスタークラスターでは、すべての DB インスタンスで書き込みオペレーションを実行できます。単一の読み書きプライマリインスタンスと、複数の読み取り専用 Aurora レプリカの概念は適用されません。別の書き込み DB インスタンスを使用して、失敗したインスタンスの作業を引き継ぐことができるため、書き込み DB インスタンスが利用できなくなっても、フェイルオーバーが発生することのない、継続的な可用性を実現可能です。 その一方で従来のAuroraと動作が異なる点が多くあるため、利用には事前の検証を推奨しています。
46,08 MAY 2020,Amazon WorkSpacesをSAP Single Sign-Onと統合する方法 | Amazon Web Services ブログ,SAP Single Sign-Onにより、ユーザーは、システムがオンプレミスであろうとクラウドであろうと、集中認証を使用してSAPと非SAPシステムに安全に接続できます。SAP Single Sign-Onは、ユーザー認証と安全なデータ通信を管理し、2要素認証とリスクベース認証を統合するシンプルさを提供します。これには、携帯電話とRSA SecurIDカードの連携も含みます。さらに、SAP Single Sign-Onは、Kerberos/SPNEGO、X.509証明書やセキュリティ・アサーション・マークアップ言語 (SAML)など、様々な種類の認証方法をサポートしています。このブログでは、Kerberos/SPNEGOを基盤としたSAP Single Sign-On (*)をAmazon WorkSpacesと統合する方法を説明します。また、世界中の従業員に対して数千のデスクトップを迅速に提供するために、クラウド、あるいはオンプレミス環境にある既存のActive Directoryサービスを使用する方法についても説明します。 (*) SAPノート 1848999に基づいて、SAP Single Sign-Onのライセンスが必要になります。このブログでは、Windows 10でのGUI導入を説明します。 次の手順では、SAP GUIログオンエントリーを同じAmazon FSxファイルシステムで共有する2つのAmazon WorkSpacesを示しています。ドメインの他のAmazon WorkSpacesユーザーは、SAPシステムへのSSOを使用できます。
47,07 MAY 2020,[AWS Black Belt Online Seminar] Amazon Elastic Container Service (Amazon ECS) 資料及び QA 公開 | Amazon Web Services ブログ,先日 (2020/04/22) 開催しました AWS Black Belt Online Seminar「Amazon Elastic Container Service (Amazon ECS)」の資料を公開しました。当日、参加者の皆様から頂いた QA の一部についても共有しております。     AWS クラウドサービス活用資料集（すべての過去資料が閲覧できます） Q. AWS CodeDeploy を利用してデプロイをしていますが、一時的にタスクが2つ立ち上がってしまうため、コンテナインスタンスを通常時の2倍のメモリ量で用意しておかないとデプロイが成功しません。また、セキュリティグループをご利用いただけますので、そちらでアクセスの制御が可能です。 — 直近で以下を予定しています。皆様のご参加をお待ちしております。 また、皆さまよりいただいたアンケートを元に、人気が高かったセッションを Top 10 形式で掲載しております。コンテナ、機械学習、モバイルなど、モダンアプリケーションの開発に欠かせないテクノロジーに関するセッションも、アーリーステージの方々にとって必要な視点で編集しており、明日から使える実践的な内容となっています。 日時：　5 月 11 日（月） 15:00 – 17:40 終了予定 | 詳細・お申込みについてはこちら≫ — AWS Black Belt Online Seminar 5 月のアジェンダが公開されました。配信当日は Q&amp;A ができます。
48,07 MAY 2020,フリートプロビジョニングを用いて、IoTデバイスとAWS IoT Coreの初期セットアップを自動化する方法 | Amazon Web Services ブログ,お客様は AWS IoT を使用してIoTデバイスによって生成されたデータを分析し、ビジネスに関する有意義な洞察をすばやく得ることができます。これにより、製造プロセスに必要な改善点の特定、デバイス障害の予測、デバイス問題の迅速な診断とトラブルシューティングなど、さまざまな問題を解決するのに役立ちます。ただし、一意の ID を安全に生成してデバイスに書き込むことは、依然としてお客様の責任です。これらのブートストラップ証明書には、デバイスに次のことのみを許可します。 ポリシーは、接続や特定のトピックのサブスクライブ、受信など、デバイスが AWS IoT Core エンドポイントとのやりとりで必要となるアクセスを管理します。 ステップ 2でブートストラップ証明書を生成した場合は、証明書、ルートCA証明書、および秘密鍵が AWS IoT Console からダウンロードされ、デバイスの安全な場所に保存されていることを確認します。 ブートストラップ認証情報がボードに安全に保存されていることを確認したら、デバイスは AWS IoT Core への初期接続を行う必要があります。 次の例は、デバイスをAWS IoT Coreに接続する方法を示しています。 証明書とキーはセキュアに保存される必要があります。 デバイスによっては、安全なハードウェアベースのソリューションを使用してキーペアを生成することが可能です。
49,07 MAY 2020,週刊AWS – 2020/4/27週 | Amazon Web Services ブログ,みなさん、こんにちは。ソリューションアーキテクトの下佐粉です。 今週も週刊AWSをお届けします。ゴールデンウィークのために今回は木曜日の発行です。 最近、PCの録音環境を改善するためにオーディオインターフェースを買おうと思いたって、色々調べていました。たくさんの製品があるのですね。知識が全然無いので「XLRとは」みたいなところからの学習だったのですが、予算や機能から自分の買いたい製品候補を調べていくのは結構楽しかったです。 それでは、先週の主なアップデートについて振り返っていきましょう。この後もスペインやジャカルタでの新リージョン、また2021年には大阪ローカルリージョンのフルリージョン化が予定されています。 それでは、また来週！ ソリューションアーキテクト 下佐粉 昭 (twitter – @simosako)。
50,07 MAY 2020,Amazon Kinesis Data Firehose により、VPC のプライバシー内で Amazon Elasticsearch Service にストリーミングデータを取り込む | Amazon Web Services ブログ,これにより、Kinesis Data Firehose から Amazon Elasticsearch Service ドメインへの VPC 配信をセットアップできます。Amazon Kinesis Data Streams でカスタムアプリケーションを管理してトラフィックを非公開にしている場合は、Kinesis Data Firehose を使用して、VPC 内の Amazon Elasticsearch Service エンドポイントにデータをロードすることができます。それを行うのに、取り込みと配信のインフラストラクチャに投資、運用、拡張する必要はありません。Kinesis Data Firehose コンソール、AWS CLI、および API からこの新機能の使用を開始するには、宛先として Amazon Elasticsearch Service、VPC がアクセスできる特定のドメインを選択し、サブネットとオプションのセキュリティグループで VPC を設定します。 Amazon Elasticsearch Service ドメインは、パブリックまたはプライベートエンドポイントを持つことができます。パブリックエンドポイントは、パブリックインターネット上の IP アドレスでバックアップされています。この新機能により、Kinesis Data Firehose は Amazon Elasticsearch Service VPC エンドポイントへ安全な方法で通信できます。 Kinesis Data Firehose エンドポイントと Amazon Elasticsearch Service エンドポイントに同じセキュリティグループを使用することもできます。 この新機能の使用方法を示すために、この記事では、Kinesis Data Firehose コンソールで利用できるストックデモデータを使用して、VPC内 の Amazon Elasticsearch Service エンドポイントに配信します。さらに、Amazon Elasticsearch Service エンドポイントへのパブリックアクセスを有効にして保護する必要はありません。
51,07 MAY 2020,Amazon Redshift マテリアライズドビューで ELT と BI クエリを高速化 | Amazon Web Services ブログ,﻿ Amazon Redshift のマテリアライズドビュー機能は、Amazon QuickSight などのビジネスインテリジェンス (BI) ツールからのダッシュボードクエリといった反復または予測可能なワークロードで、大幅に高速なクエリパフォーマンスを実現するために役立ちます。これは、ETL (抽出、変換、ロード) データ処理も高速化およびシンプル化します。マテリアライズドビューは、頻繁に使用される事前計算を保存し、それらをシームレスに使用して後続の分析クエリでの低レイテンシーを達成するために利用できます。 この記事では、マテリアライズドビューを作成する、データ取り込み後にビューを更新する、および BI ワークロードを高速化する方法を説明します。 このチュートリアルでは、Amazon Customer Reviews Dataset を使用します。これは、us-east-1 リージョンに保存されている公開データセットです。 以下の図は、これら 3 つのテーブルの関係を示すものです。 以下のコードは、マテリアライズドビューに照らして製品レビューを分析するためのレポートです。このチュートリアルでは、マテリアライズドビューを Amazon QuickSight データセットのソースとして選択します。  マテリアライズドビューを使用しているため、製品動向ダッシュボードは数秒でロードされ、常に最新です。
52,07 MAY 2020,Amazon A2I の一般公開を開始しました | Amazon Web Services ブログ,﻿ AWS では、この度 Amazon Augmented AI (Amazon A2I) の一般公開を発表できることを、とても喜ばしく思っております。これは、機械学習 (ML) によるヒューマンレビューを大規模に実装できるようにするサービスです。Amazon A2I は、ヒューマンレビューシステムの構築や管理に関する、コストが高い上に煩雑になりがちで代わり映えのしない重労働を削減します。これを使えば、お客様の ML モデルで正確な予測生成を確実に実現することができます。Amazon A2I は、人間の判断を ML パイプラインの中に挿入することで、人間と機械が最良の結果を出せるようにしました。 Amazon A2I には、一般的な ML タスク用にヒューマンレビューのワークフローが実装済みです。これらのタスクには、Amazon Rekognition や Amazon Textract と組み合わせて実行する、ドキュメントでのコンテンツ修正やテキスト抽出などが含まれます。 さらに Amazon A2I では、人間のレビュー担当者が介在することができます。 Amazon A2I は、その他のサービスと組み合わせても機能します。Amazon Textract を経由してドキュメントが供給されると、設定したビジネスルールに基づき 信頼性の低い予測結果が、Amazon A2I によりヒューマンレビューに送られます。
53,07 MAY 2020,Amazon FSx for Lustre による高パフォーマンスワークロード用の永続的ストレージ | Amazon Web Services ブログ,﻿ 高パフォーマンスなファイルシステムは、しばしばスクラッチファイルシステムと永続的ファイルシステムの 2 種類に分類されます。スクラッチファイルシステムとは、一時的な高性能のストレージを提供するためのものです。その性能は、1 ミリ秒未満のレイテンシーで、スループットは最大で毎秒数百ギガバイト、そして短時間のワークロード用に数百万の IOPS を実現します。対照的に、永続的ファイルシステムでは、スクラッチファイルシステムに備わったパフォーマンスレベルに、より長期にわたるデータ処理で必要となる耐久性と可用性を組み合わせるよう設計されています。AWS は、re:Invent 2018 において、世界でも最もよく使用されている高パフォーマンスファイルシステムである Lustre をベースとしたスクラッチファイルシステム Amazon FSx for Lustre (FSx for Lustre) を発表しました。さらに、FSx for Lustre の永続的ファイルシステムを新規で作成し、マウントも行ってみます。 FSx for Lustre の永続的ファイルシステムは、実行時間が長め、もしくは永続的なワークロードに対し、高可用性で耐久性のあるストレージを提供します。  耐久性と可用性が高いストレージが要求される処理が重いワークロードに対しては、永続的ファイルシステムの使用を検討します。この例のファイルシステムは、Amazon Simple Storage Service (Amazon S3) が提供する耐久性のあるデータレポジトリにリンクしています。ファイルシステムで、設計された最高のスループットを発揮させるためには、ワークロードの並列化もご検討くだい。
54,07 MAY 2020,新機能 – AWS Glue を使用したサーバーレスストリーミング ETL | Amazon Web Services ブログ,﻿ アプリケーションが本番環境にあるとき、何が起こっているか、どのようにアプリケーションが使われているかを把握する必要があります。データ分析の最初のアプローチはバッチ 処理モデルで、一連のデータを一定期間収集し、分析ツールで実行します。迅速に対応したい場合には、ストリーミングモデルを使用します。このモデルでは、データの到着時にデータ処理し、一度に 1 レコードずつ、または数十、数百、数千のレコードのマイクロバッチで処理します。 継続的な取り込みパイプラインの管理や即時的なデータ処理は、管理、パッチ適用、スケーリング、一般的な対応を必要とする常時オンのシステムであるため、大変複雑です。ここで列を指定しないと、ストリームの処理時に無視されます。 ストリーミングデータを処理するには、Glue ジョブを作成します。Glue PySpark 変換または Spark Structured Streaming がサポートしている変換を適用できます。 S3 バケットのコンテンツに基づくテーブルを Glue データカタログに入力するには、クローラを追加して実行します。 これらの新しい機能を皆さんがどのように活用しているか、ぜひお知らせください。
55,07 MAY 2020,Zendesk がレガシーシステムを Amazon Aurora と Amazon Redshift に移動してパフォーマンスを 3 倍にした方法 | Amazon Web Services ブログ,﻿ この記事は、Zendesk のエンジニアリングリーダーである James Byrne 氏によるゲスト投稿です。Zendesk は、Zendesk Explore アナリティクス製品のデータパイプラインにおける開発と運用、および AWS ソリューションアーキテクトの Giedrius Praspaliauskas に焦点を当てています。 Zendesk は、より良い顧客関係を促進するために設計されたサポート、販売、顧客エンゲージメントソフトウェアを構築する CRM 企業です。規模、業界、または野心に関係なく、大企業からスタートアップ企業にいたるまで、強力で革新的な顧客体験がすべての企業に届くと、私たちは信じています。Zendesk は、さまざまな業界の 150000 社以上の顧客に 30 以上の言語でサービスを提供しています。Zendesk はサンフランシスコに本社を置き、世界中に 17 ヵ所のオフィスを展開しています。 Zendesk Explore は、企業が顧客体験全体を測定して改善できるように分析を提供します。 2015 年、Zendesk はビジネスインテリジェンスのスタートアップ企業である BIME Analytics を買収しました。次のサービスは、さまざまな機能を実行します。Amazon Redshift は大規模な顧客をホストしています。
56,07 MAY 2020,Amazon DynamoDB 向け NoSQL Workbench を使用したデータモデリング | Amazon Web Services ブログ,﻿ Amazon DynamoDB などの NoSQL データベースを使用する場合、リレーショナルデータベースで慣れているものとは異なる最適化を選択する傾向があります。リレーショナルデータベースの経験から、最初は別の方法で実行するように指示されていたため、簡単ではありませんでした。 これを支援するために、AWS は Windows および macOS で利用可能なクライアント側アプリケーションである Amazon DynamoDB 向け NoSQL Workbench をリリースしました。これを使用して、スケーラブルで高性能なデータモデルを構築し、クエリの開発とテストを簡素化できます。NoSQL Workbench を使用すると、次のことができます。 このブログ記事では、一般的に利用可能になった NoSQL Workbench を使用して、複数の顧客の URL ブックマークの管理という一般的なユースケースのデータモデルを設計しています。比較的ユースケースが単純な場合でも、多くの興味深い考慮事項があります。 このアプリケーションでは、ブックマークと顧客アカウントに関する情報を保存する必要があります。 NoSQL データベースを使用する場合は、アプリケーションのアクセスパターンに合わせて最適化するようにデータモデルを設計する必要があります。このように、ソートキーはオーバーロードされた属性であり、その一般的な名前として sk を使用しています。
57,07 MAY 2020,AWS DataSync を使用してネットワークファイル共有を Amazon WorkDocs に移行する | Amazon Web Services ブログ,﻿ 今日、多くの AWS のお客様は、Amazon WorkDocs を使用して、料金が高額なネットワークファイル共有を廃止し、コンテンツをクラウドに移動しています。WorkDocs の従量課金制の料金では、お客様は、WorkDocs サイトのアクティブなユーザーアカウントに対してのみ支払います。WorkDocs は安全なクラウドストレージを提供するだけでなく、ユーザーが他の内部および外部ユーザーとコンテンツを簡単に共有できるようにします。さらに、Amazon WorkDocs Drive を使用すると、ローカルのディスク容量を消費することなく、Windows ファイルエクスプローラー、Mac Finder、またはAmazon WorkSpaces からコンテンツを直接立ち上げることができます。これにより、ユーザーのフリクションが最小限に抑えられ、クラウドベースのファイル共有を採用するための学習曲線が短縮されます。AWS DataSync コンソールの ロケーション ページに移動すると、NFS または SMB ソースのロケーションを作成できます。DataSync コンソールの ロケーション ページに移動すると、Amazon S3 の移行先ロケーションを作成できます。 ファイルとフォルダを WorkDocs に移行するには、次のタスクを実行します。WorkDocs サイトからランディングページにアクセスするには、アプリ と 移行 を選択します。ユーザーは、ネイティブデスクトップファイルシステム、またはウェブやモバイルインターフェイスを使用して、個人およびチームの共有コンテンツすべてに引き続きアクセスできます。
58,07 MAY 2020,AWS CLI を使用した既存の Amazon S3 オブジェクトの暗号化 | Amazon Web Services ブログ,﻿ 業界のプロトコル、政府の規制、組織内部のセキュリティ標準が変化する中、保存データの暗号化がますます必要とされています。暗号化は、不正アクセスやその他のセキュリティリスクから保存データを保護するためのものです。 Amazon S3 のデフォルトの暗号化を使用しても、バケット内の新しいオブジェクトを自動で暗号化できます。しかし、デフォルトの暗号化では、同じバケット内の既存のオブジェクトの暗号は変更されません。暗号化が必要な既存のオブジェクトが Amazon S3 バケットにある場合や、使用しているサーバー側の暗号化 (SSE) 設定を変更したい場合があります。S3 バケット内の既存のオブジェクトを暗号化する最も簡単な方法について、お客様から質問されることがよくあります。 この投稿では、コピーオブジェクト API を使用する際に考慮すべき重要事項について説明します。 この投稿で説明しているコマンドを実行するには、次のものが必要です。こちらで説明しているコマンドを実行すると、新しい暗号化バージョンが生成されます。さらに、オブジェクトを暗号化する際に考慮すべきいくつかの事項と推奨事項についても説明しました。
59,07 MAY 2020,Microsoft Azure AD シングルサインオンで Amazon Redshift アクセスをフェデレーションする | Amazon Web Services ブログ,﻿ 最近、当社は、Azure AD を企業ディレクトリとして使用して、Amazon Redshift にデータウェアハウスを構築している大企業のお客様を支援しました。データウェアハウスのユーザーが企業の認証情報を使用して Redshift でデータをクエリできるようにすることが要件となっていました。これにより、ユーザーは企業の認証情報を利用でき、追加のパスワードを覚える必要がなくなるので、ユーザーエクスペリエンスが向上します。また、すべての企業ユーザーが 1 か所で管理されるため、メンテナンスが容易になります。ソリューションは、Redshift への Azure AD フェデレーションアクセスをセットアップすることでした。 フェデレーションを使用して、Amazon Redshift へのアクセスを集中管理できます。これにより、一元的なロケーションでユーザーアクセスを制御できるようになり、データベースユーザーの作成と保守のオーバーヘッドが削減されるため、管理が簡素化されます。Azure AD は、ユーザーを管理し、IAM を使用して Amazon Redshift へのフェデレーションアクセスを提供します。 SQL クライアントを使用して Amazon Redshift にシームレスにアクセスできるように Azure AD と IAM 間のフェデレーションを設定するソリューションには、次のコンポーネントが含まれています。 これで、Azure にエンタープライズアプリケーションがセットアップされました。
60,07 MAY 2020,New – Amazon Keyspaces (Apache Cassandra 用) が正式リリース | Amazon Web Services ブログ,"﻿ 昨年の re:Invent で、Amazon Managed Apache Cassandra Service (MCS) のプレビュー版を紹介しました。過去数か月の間に、このサービスは多くの新機能を導入し、今日 Amazon Keyspaces (Apache Cassandra 用) という新しい名前で一般公開します。 Amazon Keyspaces は Apache Cassandra 上に構築されており、フルマネージドのサーバーレスデータベースとしてご利用いただけます。アプリケーションは、既存の Cassandra Query Language (CQL) コードを使用して、まったくまたはほとんど手を加えずに Amazon Keyspaces からデータを読み書きできます。各テーブルでは、以下のように、ユースケースに応じて最適な設定を選択できます。 Amazon Keyspaces の使用 私が子供の頃に構築した最初の「本格的な」アプリケーションの 1 つは、本用のアーカイブでした。 プレビューのブログ記事では、コンソールを使用してデータモデルを設定しました。ここで、テーブルのすべての行を選択します。 $ curl -i https://a1b2c3d4e5.execute-api.eu-west-1.amazonaws.com/books/978-0201896831 HTTP/1.1 200 OK { ""isbn"": ""978-0201896831"" ""title"": ""The Art of Computer Programming Vol. 1: Fundamental Algorithms (3rd Edition)"" ""author"": ""Donald E. Knuth"" ""pages"": 672 ""year_of_publication"": 1997 } その ISBN では何も本が見つからなかった場合、「not found」というメッセージが返されます。 今すぐご利用いただけます Amazon Keyspace (Apache Cassandra 用) をお客様の用途にご利用いただけるようになりました。"
61,07 MAY 2020,AWS Snowball Edge と Amazon EC2 を使用して Linux エッジコンピューティングソリューションを構築する | Amazon Web Services ブログ,﻿ データソースの近くでデータ推論を実行しなければならない状況は数多くあります。多くの場合、これらはリモートであり、接続がない場所で生じます。 これらすべてのシナリオでは、データソースの近くでコンピューティング、ストレージ、ネットワークを実行することを要します。これらの問題は、実行のために構築されたデータセンタースペースを必要としない高耐久性デバイスである AWS Snowball Edge デバイスを使用して解決できます。Amazon S3、Amazon EC2、Amazon EBS、AWS IoT Greengrass などのクラウドネイティブなサービスや、データを取り込むために Network File System (NFS) インターフェイスを実行できます。 このブログ投稿では、AWS Snowball Edge デバイスを使用した Linux ベースのエッジコンピューティングソリューションを開始する方法について説明します。 3. ワークステーションから Snowball Edge デバイスに次のネットワークポートを開く必要があります。この手順を実行するには、Snowball Edge クライアントと AWS CLI をダウンロードしてインストールする必要があります。 この投稿では、エッジコンピューティングのユースケースを実行するために Snowball Edge デバイスを注文する方法を示しました。 この投稿全体で概要を説明して説明した手順を実行することで、AWS Snowball Edge を使用して強力なエッジコンピューティングプラットフォームをデプロイできます。
62,07 MAY 2020,Udacity の AWS Machine Learning Engineer Nanodegree プログラムの奨学金でキャリアアップ | Amazon Web Services ブログ,﻿ 機械学習 (ML) は、テクノロジーで最も急速に成長している分野のひとつで、今日の求人市場において極めて高い人気があります。  AWS と Udacity は、あらゆるスキルレベルの開発者に ML の開始方法に関する教育を受ける機会を与えるために手を組んでいます。   奨学金プログラムは 2020 年 5 月 19 日から始まり、2020 年 7 月 31 日まで実施されます。ML 学習を進めるには、今すぐ登録してください。 AWS Machine Learning Foundations コースは、あらゆるスキルレベルの開発者が ML を使い始めるのをサポートすることを目的としています。基礎コースのカリキュラムでは、オブジェクト指向プログラミング (OOP)、クリーンなコードの記述、コードのテスト、scikit-learn、PyPI　へのコードの配置など、ソフトウェアおよびエンジニアリング手法に関する知識を構築します。基本的なソフトウェアエンジニアリングスキルを構築するだけでなく、教師あり学習や教師なし学習など、ML スキルの中級レベルの知識も構築します。得点上位者は、Udacity が後援する Udacity Machine Learning Engineer Nanodegree プログラムの全額給付の奨学金 (給付対象者数: 325 名) を獲得します。 開発者の皆さん、ML を始めましょう! 奨学金プログラムは 2020 年 5 月 19 日から開始されます。Tara は現在、ML 開発者の卵が ML におけるスキルを伸ばすことができるように助けるユニークかつスケーラブルな教育コースの構築に携わっています。
63,07 MAY 2020,Amazon QuickSight ML Insights を使用して、データから異常を見つけ、将来を予測する | Amazon Web Services ブログ,﻿ テクノロジーの進化に伴い、ビジネスは多種多様なソースから、より多くのデータを収集するようになってきています。集めるデータポイントが多くなりすぎると、ビジネスの成長に役立つ適切な知見を見出すことがしばしば難しくなります。ダッシュボードは、構築の仕方によっては、データを視覚的に表現することに優れていますが、データから異常や外れ値といった隠れた知見を見つけるとなると、必ずしも優れた手段とは言えません。人がデータを探す際には役立ちますが、データ自らが人にアピールしてくれるわけではありません。データ収集の規模が大きくなると、間接費の増大を避けるためにも前者から後者に移行する必要があります。 こうした限界から、情報に基づいて意思決定を下すことができなくなる恐れがあります。さらに、何百万ものメトリクスや何十億もの大規模データポイントから、深い知見を得ることができます。 異常検出は、全国の複数の拠点で事業を行っている航空会社など、他のビジネスにも役立ちます。 さらに、事前構築済の計算セットからカスタムインサイトを追加することもできます。彼は、10 年以上にわたって大企業の顧客向けに IT 業務をした経験があります。
64,07 MAY 2020,AWS Glue の自動コード生成機能とワークフローを利用して、データパイプラインをシンプル化する | Amazon Web Services ブログ,﻿ これまでの一連の記事では、AWS Glue のジョブブックマークを使用して Amazon S3 やリレーショナルデータベースからデータを増分ロードする方法についてご紹介しました。また、AWS Glue に最適化された Apache Parquet ライターを使用してパフォーマンスを向上させ、スキーマ進化を管理する方法についても説明しました。まず、特定の列を選択する、深くネストされたレコードを展開する、ネストされたフィールドを効率的に解析 (パース) する、列データの展開処理といった一般的なユースケースにおいて、AWS Glue でデータの変換に役立つコードを自動生成方法について説明します。 AWS Glue では、さまざまなデータ変換タスクの実行に使用するコードを自動的に生成できます。たとえば、一部のリレーショナルデータベースやデータウェアハウスは、ネストされたデータ構造をネイティブにサポートしていません。Dynamic Frames では、ResolveChoice を使用した型の変換が可能です。 ETL ワークロードの典型的なワークフロー編成は次のとおりです。 S3 からデータを読み込む AWS Glue DynamicFrame API でも、上と同様のアプローチが使用されます。その後、DynamicFrame は toDF メソッドを使用して Spark DataFrame に変換されます。 この記事では、AWS Glue ETL の自動コード生成プロセスを活用して、データ型の変換や複雑な構造の展開といった一般的なデータ操作タスクをシンプル化する方法について説明しました。
65,07 MAY 2020,AWS COVID-19 パブリックデータレイクの探索 | Amazon Web Services ブログ,AWS COVID-19 のデータレイク — 新型コロナウイルス (SARS-CoV-2) とこれに関連する病気である COVID-19 の広がりおよび特性についての、またはそれに関する最新のデータセットが収集され、一元化されたリポジトリが現在利用可能になりました。詳細については、COVID-19 データの分析用のパブリックデータレイクをご参照ください。世界的には、このデータを収集するためにいくつかの取り組みが進行中であり、AWS はパートナーと協力して、この重要なデータを自由に利用できる状態にし、最新の状態に保てるように尽力しています。 このデータは、質問、独自のデータセットとの混合、独自のデータレイクへの新しい洞察の取り込みを行うためにすぐに利用できます。AWS は、パンデミック監視手法の開発研究を行うノースウェスタン大学をサポートしています。このデータレイクを使用して構築できる対象については、GitHub で公開されている関連 Jupyter ノートブックを参照してください。COVID-19 データの選択については、研究開発で利用可能な COVID-19 に関連するデータを参照してください。手順については、COVID-19 データの分析用のパブリックデータレイクをご参照ください。 最初のステップでは、AWS CLI をインストールして、us-east-2 リージョン用に構成します。彼は現在、お客様がプロフェッショナルサービス内の AWS でデータレイクと分析を形作るよう支援しています。
66,07 MAY 2020,新規オープン – AWS 欧州 (ミラノ) リージョン | Amazon Web Services ブログ, 各 AZ は、AWS のインフラストラクチャの完全に隔離されたパーティションで、1 つ、または複数のデータセンターが含まれます。これは、単一のデータセンターで実現できるものよりも、可用性、耐障害性、およびスケーラビリティに優れた本番アプリケーションを運用する能力を提供します。Amazon Simple Storage Service (S3)、AWS Lambda、および Amazon DynamoDB などの完全マネージド型サービスは、自動的にデータとアプリケーションを複数の AZ にレプリケートします。その成果は、エンドユーザーのラストマイルネットワークにおける接続の品質、キャパシティー、および距離に応じて異なる場合があります。 イタリアの AWS 現在 AWS には、イタリアに 5 つのエッジロケーション (ミラノに 3 つ、パラモとローマに 1 つずつ)、およびミラノに欧州 (フランクフルト) リージョンとミラノの新しいリージョンを接続する AWS Direct Connect ロケーションがあります。 AWS は、2014 年初頭にミラノでイタリア初の AWS オフィスを開設しましたが、今ではミラノにもオフィスがあり、ピエモンテ州とサルデーニャにエンジニアリングチーム、そして幅広いパートナーネットワークを持っています。 AWS では、あらゆる規模のお客様がクラウドでワークロードを構築、またはそれらをクラウドに移行させるお手伝いをするために、アカウントマネージャー、ソリューションアーキテクト、ビジネス開発者、およびプロフェッショナルサービスコンサルタントのチームをイタリアで構築し続けています。 今すぐご利用いただけます 新しい欧州 (ミラノ) リージョンは、今すぐ皆さんのビジネスをサポートできます。 このローンチにより、AWS のアベイラビリティーゾーンは全世界 24 の地理的地域内に 76 個となりました。インドネシア、日本、およびスペインに も 3 つの AWS リージョンが追加される予定です。
67,07 MAY 2020,AWS DeepLens と Amazon Rekognition を使用してスマートガレージドアオープナーを構築する | Amazon Web Services ブログ,﻿ 小売、製造、ヘルスケアを含む多くの業界が IoT 対応デバイスを採用し、AI または機械学習 (ML) テクノロジーを使用して、デバイスが人間の介入なしに人間のような意思決定を行えるようにしました。自宅で AI/機械学習テクノロジーを使用して IoT 対応デバイスに電力を供給するなど、いくつかのユースケースを適用することもできます。 この記事では、AWS DeepLens、Amazon Rekognition、およびその他の AWS サービスを使用して車のナンバープレートを認識し、IoT ベースのガレージドアオープナーをトリガーする方法を紹介します。このソリューションを他の多くのユースケース (製造業など) に適用して、生産現場でのロボットやパッケージのフローを制御することができます。  AWS DeepLens デバイスを使用すると、エッジで深層学習を実行することができます。 このプロジェクトでは、以下の AWS のサービスを使用します。 この手順では、ナンバープレート番号を DynamoDB テーブルに入力します。 端末から次のコードを入力して、AWS CLI で前述の手順を完了することもできます。 この記事では、実際の問題を解決するためにエッジで機械学習を使用する方法を示しました。 このプロジェクトでは、開発者を機械学習と IoT へ手引きする際の AWS DeepLens デバイスの機能を紹介しました。
68,07 MAY 2020,新情報 – VPC エンドポイント向け Amazon Simple Email Service (SES) | Amazon Web Services ブログ,﻿ チャットやメッセージングアプリケーションも広く普及しましたが、メールは最も投資利益率 (ROI) の高いユビキタスチャネルとして人気を維持しています。参入のハードルの低さ、価格の安さ、特定の受信者をターゲティングする機能が特徴です。組織のマーケティングおよび取引のメッセージがタイムリーに顧客に届き、より深いエンゲージメントを促進していることを確認するには、大規模なメール配信における専門知識を培ってきた、経験豊富で信頼できるメールサービスプロバイダーと連携する必要があります。 Amazon Simple Email Services (SES) は信頼性と柔軟性に富んだ手ごろな価格のメールサービスプロバイダーとして、2011 年から開発者およびデジタルマーケター向けにサービスを提供してきました。多くの企業が、機密性が高く、厳しいセキュリティポリシーを保持する業界に属しています。そのため AWS は Amazon SES のセキュリティおよびコンプライアンスの機能を強化しました。複数アカウントのインフラストラクチャの Amazon SES を一元化し、インターネットゲートウェイを活用することなく、サービスとしてアカウントに提供することが可能です。 VPC エンドポイントは現時点において、地域間のリクエストをサポートしていません。 今すぐご利用いただけます! VPC エンドポイント向けの Amazon SES は一般提供されています。VPC エンドポイント向けの Amazon SES の使用に、追加の費用は発生しません。
69,07 MAY 2020,Amazon SageMaker Debugger を使った機械学習の説明可能性 | Amazon Web Services ブログ,﻿ 機械学習 (ML) は、金融サービス業界 (FSI) から製造、自律走行車、および宇宙探査にいたるまで、世界中の業界に影響を及ぼします。ML はもはや学術機関および研究機関限定の単なる野心的なテクノロジーではなくなり、あらゆる規模の組織に利益をもたらす主力テクノロジーへと進化しました。しかし、ML プロセスにおける透明性の欠如と、結果として生じるモデルのブラックボックス的な性質が、金融サービスおよびヘルスケアなどの業界における ML の導入を向上させる上での妨げとなっています。これは、設計者でさえも AI が特定の結論に達した理由を説明できないというブラックボックスの概念とは対照的なものです。これは、モデル予測の消費者の安心感を高めます。 収集されたテンソルを表示するには、以下のコードを入力します。これには、どの特徴が最も重要か、およびデータセットに対するそれらの影響範囲も示されています。また、個人の性別 (Sex) が予測にマイナスの影響を与えることもわかります。また、個人の所得予測に関する金融サービスユースケースの ML モデルのトレーニングを一通り説明する詳細なノートブックも提供しました。       Sireesha Muppala は AWS の AI/ML スペシャリストソリューションアーキテクトで、大規模な機械学習ソリューションの設計と実装に関するガイダンスをお客様に提供しています。
70,07 MAY 2020,Amazon SageMaker Studio で ML インスタンスをオンザフライで選択する方法 | Amazon Web Services ブログ,﻿ アマゾン ウェブ サービス (AWS) は、Amazon SageMaker Studio 内で、ノートブックの一般提供を開始しました。Amazon SageMaker Studio は、機械学習 (ML) インスタンスタイプのオンザフライ選択、最適化されあらかじめパーケージ化された Amazon SagMaker イメージ、および Jupyter ノートブックの共有をサポートしています。作業を中断したりインフラを管理したりすることなく、例えば ml.t3.medium から ml.p3.2xlarge へ、あるカーネルを使用するインスタンスタイプのノートブックで、別のインスタンスタイプに切り替えることができます。インスタンスの移動はシームレスで、インスタンスの起動中も作業を継続できます。Amazon Sagemaker Studio ドメイン用に作成された Amazon Elastic File System (Amazon EFS) により、新しいインスタンスでノートブックとデータをすぐに利用できます。ドメイン内のすべてのユーザーは、EFS ボリューム上に作成されたホームディレクトリを取得します。 ML ワークフロー用に完全に統合された開発環境である Amazon SageMaker Studio を使用してノートブックにアクセスできます。高速起動のみ を無効にすると、Amazon SageMaker Studio でサポートされているすべての ML インスタンスのリストが表示されます。これらのイメージは、最適化されあらかじめパーケージ化された AWS Deep Learning Containers に基づいています。  Amazon SageMaker Studio では、同僚とノートブックをシームレスに共有できます。
71,07 MAY 2020,Amazon ECR のマルチアーキテクチャコンテナイメージの紹介 | Amazon Web Services ブログ,﻿ コンテナは、クラウドアプリケーションの開発とデプロイにおける事実上の標準です。コンテナイメージでソフトウェアを公開すると、統合パッケージソリューション、バンドルソフトウェア、および必要なすべての依存関係をポータブルイメージ形式で開発者に提供します。このイメージはどこでも実行でき、デプロイメントにおけるインフラストラクチャ固有の側面を抽象化します。 ただし、どこでも実行できるということはお約束できます。一部のアプリケーションには、Linux と Windows の両方のサポートなど、特定のホストプラットフォームまたはオペレーティングシステムの要件があります。特に EC2 で実行されている AWS Graviton ARM ベースのインスタンスで、その比率は優れた料金対パフォーマンスを備えています。今日まで、このようなコンテナイメージは、アーキテクチャ固有の命名規則を使用して Amazon ECR に公開およびデプロイする必要がありました。Docker などの一般的なコンテナ開発ツールを使用すれば、開発者はソフトウェアまたはサービスと必要なすべての依存関係を含むコンテナイメージを作成できます。 次に、Docker 開発環境で 2 つの異なるアーキテクチャのイメージを構築する必要があります。 上記のように、イメージはバージョンまたは git commit ID などの別の特定識別子に基づいてタグ付けする必要があります。
72,07 MAY 2020,Zalando が Amazon S3 でデータレイクを構築した方法 | Amazon Web Services ブログ,﻿ 2008 年に設立された Zalando は、ファッションとライフスタイルのためのヨーロッパをリードするオンラインプラットフォームで、3200 万人以上のアクティブな顧客を抱えています。私は Zalando のリードデータエンジニアであり、これまで会社のクラウドジャーニーに貢献してきました。このブログ投稿では、Amazon Simple Storage Service (Amazon S3) が当社のデータインフラストラクチャの要となった経緯について説明します。最初に、データの洞察を得るための Zalando のビジネスニーズと、その歴史的なテクノロジースタックがどのように異種の情報を提供したかについて説明します。次に、特にデータレイクを構築するために Amazon S3 を使用して AWS への移行を決定した方法について説明します。現在と将来のビジネスニーズを検討した結果、会社がクラウドに移行するのは論理的な決定でした。このパイプラインについては、このブログ投稿で詳しく説明しています。このブログ投稿の残りの部分では、Zalando で使用されている機能について、その利点と適用可能なユースケースを含めて説明します。 より分離され、よりスケーラブルなアプローチに変更する必要があったため、当社は IAM ロールの使用を開始しました。Amazon S3 にデータレイクを構築することで、組織全体の従業員は、以前はアクセスできなかったデータを使用できるようになりました。
73,07 MAY 2020,AWS Storage Gateway がファイルゲートウェイに Amazon S3 Intelligent-Tiering を追加 | Amazon Web Services ブログ,﻿ ストレージコストの最適化という課題を最小限化する取り組みの一環として、本日は AWS Storage Gateway のファイルゲートウェイによる Amazon S3 Intelligent-Tiering ストレージクラスのサポートが開始されたことを発表します。お客様のワークロードには、変化し続ける、または不明確なストレージアクセスパターンが存在することが多く、最も頻繁にアクセスされるデータベースの特定が困難になります。たとえば、運用および財務チームは、異なるアプリケーションを使って同じデータにアクセスする必要があり、そのアクセスには季節的、またはピーク需要によって変化するパターンがあります。このローンチにより、ファイルゲートウェイで SMB および NFS ファイル共有を設定するときのストレージクラスとして S3 Intelligent-Tiering を選択することが可能になります。これは、しばらくアクセスされていないオブジェクトの S3 ストレージコストの削減に役立ちます。 S3 Intelligent-Tiering は以下の状況で使用します。 使用を開始するには、AWS マネジメントコンソールに移動して Storage Gateway を選択します。これからは、新しいファイル共有を作成する、または既存のファイル共有を変更するときに、共有設定にある「新しいオブジェクトのストレージクラス」オプションとして S3 Intelligent-Tiering が表示されます。    ステップバイステップの手順は、AWS Storage Gateway ユーザーガイドに記載されています。 このブログ記事では、ファイルゲートウェイが S3 Intelligent-Tiering のストレージクラスとしての使用をサポートするようになったことを説明しました。
74,07 MAY 2020,新情報 – Amazon EventBridge スキーマレジストリが一般公開 | Amazon Web Services ブログ,﻿ Amazon EventBridge は、アプリケーションを簡単に接続できるようにするサーバーレスイベントバスです。AWS サービスのデータ、独自のアプリケーション、Software-as-a-Service (SaaS) パートナーとの統合を使用できます。昨年の re:Invent では、EventBridge スキーマレジストリと検出のプレビューで、イベントの構造 (スキーマ) を中央に保存する方法を導入しました。また、Java、Python、Typescript 用にイベントを処理するコードを生成することにより、コード内のイベントの使用を簡素化しました。 本日より、EventBridge スキーマレジストリが一般公開され、リソースポリシーのサポートが追加されたことをお知らせいたします。リソースポリシーにより、異なる AWS アカウントと組織間でスキーマリポジトリを共有できます。このようにして、異なるチームの開発者は、別のチームが共有レジストリに追加したスキーマを検索して使用できます。 EventBridge スキーマレジストリリソースポリシーの使用 企業は、一般的にさまざまなサービスに取り組んでいるさまざまな開発チームを抱えています。 各チームは、独自の AWS アカウントを使用してアプリケーションを開発しています。 スキーマレジストリリソースポリシーを使用すれば、イベント駆動型アーキテクチャで情報を共有するさまざまなチームの作業を非常に簡単に調整できます。
75,07 MAY 2020,FORMULA 1 DeepRacer ProAm Special Event にご参加ください | Amazon Web Services ブログ,﻿ AWS DeepRacer リーグは、賞品と栄光をかけて競うとともに、強化学習について楽しみながら学ぶ機会を提供します。モデルの構築、トレーニング、および評価には AWS DeepRacer 3D レーシングシミュレーターを使用でき、モデルがレースできることを確実にするために、結果を検証してモデルを改善することが可能です。 フォーミュラ 1 (F1) レースで優勝するには、技術的に洗練されたレースカー、一流のドライバー、極めて優れたクルー、そして (信じられないかもしれませんが) かなりの機械学習が必要です。5 月中は、フォーミュラのドライバーたちとそのクルーによって構築およびチューニングされたモデルとレースする機会を求めて競い合うことができます。 ダニエル・リカルド – グランプリで 7 度優勝し、29 回表彰台に立ったルノーの F1 ドライバー。 月末には、エキサイティングなヘッドトゥヘッド予選レースで上位 AWS DeepRacer アマチュア選手がプロと対戦します。これは、6 月 1 日の週に予定されています。 要するに、モデルを構築およびトレーニングして、ロブ、ダニエル、またはタチアナのモデルとレースさせる機会を持てるのです。素晴らしいでしょう? エンジンをスタートさせよう 今度は、あなたの出番です。 皆さんの幸運を祈ります。
76,07 MAY 2020,AWS Systems Manager を使用して RStudio で Amazon EMR エッジノードをデプロイする | Amazon Web Services ブログ,﻿ RStudio は、統計計算とグラフィックスのための言語と環境である R の統合開発環境 (IDE) です。データサイエンティストとして、R と Spark (ビッグデータ処理フレームワーク) を統合して、大規模なデータセットを分析できます。 RStudio で実行されている R スクリプトは、sparklyr を使用して Spark ジョブをクラスターに送信します。通常、R スクリプトは (sparklyr とともに)、Spark を実行する (Amazon EMR の) マシンのクラスターとは別のマシンにインストールされている RStudio 環境で実行されます。sparklyr が Spark ジョブを送信できるようにするには、RStudio マシンと Spark を実行しているクラスターの間にネットワーク接続を確立する必要があります。そのための 1 つの方法は、RStudio をエッジノードで実行することです。これは、クラスターのプライベートネットワークの一部であり、RStudio などのクライアントアプリケーションを実行するマシンです。 この投稿では、AWS Systems Manager を使用して RStudio がインストールされたエッジノードを自動作成する方法を示します。  これで、Systems Manager の別の機能である Session Manager を使用して、このエッジノードに接続できます。RStudio の EMR エッジノードを使用すると、使い慣れた作業環境で、Spark および sparklyr を介して大規模なデータセットにアクセスできます。
77,07 MAY 2020,AWS IoT Jobs の 90% 以上の値下げを世界中で適用開始 | Amazon Web Services ブログ,﻿ AWS IoT Device Management サービスをご利用の AWS のお客様に朗報です。AWS IoT Device Jobs の料金が 90% 以上値下げされました!🥳 新しい価格を確認してみましょう。  IoT (モノのインターネット) は、インターネットに接続され、データを収集および共有する世界中の数十億の物理デバイス (文字どおり!) を表します。 AWS IoT Device Jobs (略して「Jobs」) により、AWS IoT Core サービスに接続されている場合、お客様は、1 つ以上の IoT デバイスでリモートアクションをトリガーできます。「Jobs」でトリガーし得るリモートアクションの例としては、OTA (Over-the-Air) ファームウェアの更新、デバイスの再起動、出荷時の設定へのリセット、設定の変更などがあります。 「Jobs」は、AWS IoT Device Management サービスの機能です。(AWS IoT Device Management は、お客様が AWS IoT Core に接続されたデバイスを登録、整理、監視、およびリモート管理できるようにするサービスです。たとえば、お客様は、単一の「ジョブ」を定義して、100 台のデバイスで OTA (Over-the-Air) 更新を実行できます。これにより、100 個のリモートアクションを実行して、各デバイスを更新できます。 お客様は、実行されたリモートアクションの数に基づいて課金されます。
78,07 MAY 2020,新しい – AWS Elemental Link – がライブビデオをイベントのためにクラウドに配信 & ストリーミング | Amazon Web Services ブログ,動画は、非常に多くのオンライン体験の中心となっています。発信元や作成者に関係なく、今日の視聴者は、高解像度かつ放送品質の視聴体験を期待しています。 洗練された環境であれば、専用ハードウェアと関連 A/V チームは、これらの期待に応える動画を記録、エンコード、ストリーミング、または保存できます。しかし、コストと運用の複雑さにより、同様の体験を提供することができないチームもありました。教室、地元のスポーツイベント、企業イベント、小規模なパフォーマンススペースには、確実に動画をクラウドに配信して処理、保存、オンデマンド配信、およびライブストリーミングするために必要なハードウェアとソフトウェアをインストール、設定、実行するために必要な予算や専門知識がありません。この新しいデバイスは、ライブ動画のソースを AWS Elemental MediaLive に接続します。電力の消費量はわずかで、騒音もありません。  下部に注文の概要が表示されます。  請求された金額を支払った後、デバイスが届くのを待ちます。ここから、入力を参照するチャネルを作成し、動画ストリームをストリーミング、アーカイブ、放送、またはパッケージ化するための出力グループを設定します。
79,07 MAY 2020,AWS AppSync を使用して Amazon QLDB への GraphQL インターフェイスを構築する: パート 2 | Amazon Web Services ブログ,﻿ この記事は、Amazon Quantum Ledger Database (QLDB) と AWS AppSync を統合する方法を説明する 2 回にわたる連載記事の第 2 回です。この組み合わせにより、Amazon QLDB マネージドの台帳データベースに加えて、多目的な GraphQL を利用した API が提供されます。 この記事では統合を引き続き開発し、QLDB で AWS AppSync のより複雑なクエリとデータのミューテーションをサポートします。このチュートリアルでは、Amazon QLDB および AWS AppSync がキャプチャする履歴データのクエリのサポートも行います。 このシリーズのどちらの記事でも、クエリにドライバーの車両情報の DMV データセットを使用しています。GitHub リポジトリでアプリケーション全体を確認することもできます。このシリーズの最初の記事で説明した統合関数のバージョンは、トランザクションごとに 1 つのクエリをサポートしていました。このクエリでは、PartiQL クエリがネストされたデータとどのように相互作用するかを確認することもできます。 次のセクションでは、DMV ユースケースでこの新しい機能を使用する方法について説明します。 Amazon QLDB と AWS AppSync を統合すると、GraphQL API の一部として強力な機能が有効になります。
80,07 MAY 2020,AWS AppSync を使用して Amazon QLDB への GraphQL インターフェイスを構築する: パート 1 | Amazon Web Services ブログ,﻿ Amazon Quantum Ledger Database (QLDB) は、信頼できるデータソースを必要とするユースケース向けに設計されたデータベースです。Amazon QLDB は、データベースにコミットされたすべての変更の履歴を完全で不変な形で保持します (これは台帳と呼ばれます)。Amazon QLDB は、金融、e コマース、在庫管理、政府、その他数多くの用途でお使いいただけます。 Amazon QLDB を AWS AppSync などのサービスとペアリングすると、モバイルアプリケーション、ウェブサイト、データレイクのデータとそのデータの履歴を安全に公開できます。この記事では、Amazon QLDB を AWS AppSync と統合して政府のユースケースを強化するための再利用可能なアプローチについて説明します。 Amazon QLDB を AWS AppSync のデータソースとして追加するには、AWS Lambda 関数を使用してデータベースに接続します。次の図は、このソリューションのアーキテクチャを示しています。  この記事では、Department of Motor Vehicles (DMV) のユースケースを用いて、Amazon QLDB をデータソースとして AWS AppSync に追加します。次の図は、このアーキテクチャを示しています。 この記事では、AWS AppSync、Lambda、Amazon QLDB を使用して比較的簡単なクエリを実行する方法について説明しました。
81,07 MAY 2020,ドメイン参加済みの Amazon RDS for SQL Server インスタンスに対する分散トランザクションサポートの有効化 | Amazon Web Services ブログ,﻿ Amazon Relational Database Service (RDS) for SQL Server が Microsoft 分散トランザクションコーディネータ (MSDTC) を使用した分散トランザクションをサポートするようになりました。MSDTC を使用することで、RDS for SQL Server DB インスタンスが関与する分散トランザクションを実行することができます。この記事では、Amazon RDS for SQL Server 使用時に、AWS Directory Service for Microsoft Active Directory (AWS Managed Microsoft AD) を使って分散トランザクションを実行する最も一般的な方法について説明します。 この記事では、3 つの主要用語が使用されています。 このソリューションには、以下のステップが含まれます。 手順を開始する前に、AWS Managed Microsoft AD ディレクトリを作成します。 分散トランザクションをサポートする新しいインスタンスを作成するには、以下のステップを完了してください。クライアントアプリケーションは Amazon RDS for SQL Server のエンドポイントに接続し、RDS インスタンスで実行される MSDTC サービスに分散トランザクションの管理を任せます。 以下の図は、RDS インスタンスで実行される MSDTC がトランザクションマネージャーとして機能するシナリオを表しています。この記事では、Active Directory 環境で分散トランザクションを制御する方法について説明しました。
82,07 MAY 2020,小規模な Amazon Elasticsearch Service ドメインのコストを削減する | Amazon Web Services ブログ,ベストプラクティスのための推奨事項をすべて実行するには、次のように設定する必要があります。 この設定の場合、最大 400 GB のソースデータと 1 秒あたり数十万のリクエストを、1 か月あたり最大 800 USD (米国東部、バージニア北部の料金) のオンデマンドコストでサポートします。実行可能なデプロイを最小限に抑えることで、このコストを削減できます。本番ワークロードで実行可能な最小のデプロイは、次のとおりです。 このデプロイでは、同じ 400 GB のソースデータと 1 秒あたり同じ数十万のリクエストを、月額 350 USD というはるかに低いオンデマンドコストでサポートします。最大よりも小さな 512 GB EBS ボリュームをデプロイする場合、それに比例して Amazon EBS のコスト要素を月額 207 USD 削減できます。 AWS では、Amazon ES の本番ワークロードに T2 インスタンスを推奨していません。こうしたリスクを慎重に検討し、可能な場合はリカバリ時間を最小限に抑えるための手順を実行する必要があります。このユースケースでは、より小さなデータセットとクラスターを扱っているため、ソースデータをかなり迅速にリロードすることが可能です。 シャード数とインスタンス数を減らし、専用マスターインスタンスを削除することで、Amazon ES の小規模なデプロイにかかるコストを削減できます。
83,07 MAY 2020,新機能 – Step Functions と AWS CodeBuild を使用した継続的インテグレーションワークフローの構築 | Amazon Web Services ブログ,﻿ ソフトウェアビルドの自動化は、DevOps のベストプラクティスを採用するための重要なステップです。これを支援するために、フルマネージド型の継続的インテグレーションサービスである AWS CodeBuild を構築しました。これは、ソースコードをコンパイルし、テストを実行し、デプロイの準備ができたパッケージを生成します。 しかし、お客様のビルドプロセスには非常に多くのカスタマイズの選択肢があり、ソフトウェアビルドに必要なさまざまなアクティビティを調整するために、開発者が独自のカスタムワークフローを作成することに時間を費やしていることがわかりました。たとえば、一部のテストを実行し、もしくは実行しないこととし、またはクイックフィックスをデプロイする必要がある場合にコードの静的分析をスキップしたい場合があります。 単体テストの結果に応じて、さまざまなアクションを実行したり、SNS を介して通知を受けたりしたい場合があります。 これを簡素化するため、本日、新しい AWS Step Functions の CodeBuild とのサービス統合をリリースします。最後に、テストが実行され、成功した場合は、SNS トピックで通知を受け取りたいと考えています。たとえば、skip tests 文字列がコミットメッセージの一部である場合、テストをスキップできます。 AWS サーバーレスヒーローである Gojko Adzic 氏が AWS DevOps ブログで指摘したように、CodeBuild を使用して管理タスクを実行することもできます。
84,07 MAY 2020,Persistent-50 高性能ファイルシステムは、強力な機能を備えています! | Amazon Web Services ブログ,﻿ 人生の多くのことでいえることですが、選択肢が多いほど、決断を下すことが難しくなります。これらの決定は、どの AWS のサービス、リソース、または設定があなたに最適であるかに重点を置いています。Amazon FSx for Lustre に永続的なファイルシステムが備わったところで、どのユニットあたりのスループット設定がワークロードに最適であるか疑問に思われた方も多いことでしょう。このブログ記事では、FSx for Lustre persistent-50 ファイルシステムのパフォーマンスについてご紹介します。ここでは、並列ファイルシステムのパフォーマンスを評価するのに一般的に使用されるファイルシステムベンチマークアプリケーションである IOR を使用します。次の (表 1) はその表のサブセットであり、永続的ファイルシステムのスループットとキャッシュ情報のみを示しています。このようなタイプのワークロードは、FSx for Lustre のバーストモデルに最適です。ワークロードの一貫性が高い場合は、ニーズに合わせた永続的なユニットごとのスループットを選択してください。 最初に、2.4 TiB の persistent-50 ファイルシステムを作成します。 次回は、FSx for Lustre ファイルシステムを作成します。
85,07 MAY 2020,AWS Storage Gateway で数分以内にクラウドストレージを実現 | Amazon Web Services ブログ,﻿ クラウドにワークロードを移動すること。これは、CIO にとって、機敏性を高め、革新を促し、安全性を強化し、コストを削減するなど、戦略的な優先度を踏まえたうえで課題を処理するための主要策のひとつです。データセンターやリモートオフィスなど、企業は多くの既存型インフラストラクチャを保有していますが、クラウドサービスの優位性を活用したいと考えています。AWS はハイブリッドのクラウドストレージサービスを提供することで、こうしたお客様のクラウドジャーニーを加速し、AWS 上のオンプレミスインフラストラクチャからシームレスに拡張できるようにします。企業が自社のアプリケーションを評価するうえで、クラウドへの移行が相対的に容易なものもあれば、より複雑なものもあります。このような理由から組織ではオンプレミスから AWS のデータストアへアクセスできるようにする、ハイブリッドクラウドストレージソリューションを模索しています。Storage Gateway では標準のストレージプロトコルを介して低レイテンシーのデータアクセスを可能にすることで、オンプレミスのアプリケーションがクラウドストレージを使用できるようにします。 Storage Gateway はインターネットを介して自動的に AWS クラウドへと接続します。 AWS Storage Gateway はクラウドジャーニーにおけるあらゆるステージでお客様を支援するようにデザインされたハイブリッドクラウドストレージソリューションです。Storage Gateway では File Gateway、Volume Gateway、Tape Gatewayの 3 つの種類のゲートウェイを提供しています。
86,07 MAY 2020,ディスラプションへの対応 : 金融機関がクラウドテクノロジーを使用して COVID-19に対応し、業界を変革する方法 | Amazon Web Services ブログ,本投稿はアマゾンウェブサービス (AWS) のグローバル金融領域の市場開発を担当するマネージングディレクターの Scott Mullins による寄稿を翻訳したものです。 これは、金融業界でよく耳にする言葉です。確立された規範、マーケットリーダー、あるいは製品に取って代わる可能性のある、新しい市場やバリューネットワークを生み出すイノベーションについて述べる際によく使われます。今世界が直面している前代未聞の健康上の難題は、世界経済そして世界中の人々に、上記とは異なる種類のディスラプション（混乱）をもたらしています。本投稿では、私たちがお客様と共に積極的に取り組んでいるいくつかの主要な取組みをご紹介します。このような金融機関はディスラプション（混乱）の影響を受けながらも、継続的なサービスに必要となるインフラストラクチャーやサービスの提供することを AWS に求めています。AWS は 24 の AWS リージョンにまたがる 76 のアベイラビリティーゾーンを持ち、クラウドサービスプロバイダーの中では最大となるグローバルインフラストラクチャーを提供しています。AWS は、金融機関がリスク分析ワークロードを最適化するのに役立つ、幅広いサービスを提供しています。現在の危機は、デジタル機能・製品の重要性、そしてチャネル間のシームレスな統合とスピードの重要性を浮き彫りにしています。 状況が深刻になりつつある現在、私たちは引き続き、同僚、顧客、パートナーの安全と健康を重視しています。
87,01 MAY 2020,Perforce Helix Core を AWS 上に構築する (Part2) | Amazon Web Services ブログ,前回の記事では AWS 上で Perforce Helix Core を構築することの利点を説明し、実際の構成パターンと構築における注意点を解説しました。 本記事では、実際に Perforce Helix Core をAWS に構築する手順をご紹介します。手順といっても AWS CloudFormation テンプレートを用意しておりますので、大部分は自動化されています。AWS CloudFormation では、設定をjsonやyamlでファイルに記述するだけでAWS のリソースのプロビジョニングを自動化することができます。 今回作成するサーバー構成の全体像は下図のようになります。AWS Cloudと書かれた中にあるサーバ群を設定します。デフォルトは Perforce の Master Server だけを構築する設定になっていますが、手順の中で Read only の Replica server を設定することも可能です。 本記事では、まずは Perforce の Master server を構築する手順を見ていきます。 なお、今回構築する Perforce Server への接続には SSL を使用しない構成になっています。 本記事では、PerforceのMaster Serverの構築方法を説明しました。
